actor_id,first_name,last_name,age,gender,nationality,height,weight,hair_color,eye_color
1,Gloriane,Girod,42,Female,China,161.6,78.8,brown,blue
2,Yulma,Valois,56,Male,Greece,195.1,62.2,brown,blue
3,Haley,Gurery,34,Male,Indonesia,179.4,69.9,blonde,brown
4,Shannah,Presser,23,Female,Portugal,150.1,93.3,black,brown
5,Robbie,Cobb,32,Male,Russia,163.2,73.5,black,blue
6,Erich,Moody,80,Male,Palestinian Territory,164.3,65.5,red,green
7,Zach,Ellson,40,Male,Mongolia,190.5,89.9,brown,green
8,Rolf,Rothert,25,Male,Nigeria,185.4,57.3,red,blue
9,Lyell,Aldgate,78,Male,Vietnam,173.3,72.2,black,brown
10,Nicolis,Ronisch,54,Male,China,186.8,63.9,brown,blue
11,Aliza,Mation,27,Female,Brazil,184.4,79.3,brown,blue
12,Augusto,Bifield,77,Male,Central African Republic,160.4,69.0,red,brown
13,Griselda,Kintish,80,Genderqueer,Argentina,178.1,71.7,blonde,brown
14,Melanie,Jameson,64,Female,Ireland,189.7,59.6,blonde,blue
15,Robbin,Alenichev,52,Genderqueer,Afghanistan,183.3,80.2,red,blue
16,Vic,Franzelini,46,Male,Indonesia,170.7,83.9,blonde,blue
17,Brittaney,McQuillin,67,Polygender,Indonesia,197.3,52.3,red,green
18,Erinna,Stanyan,83,Female,Russia,172.5,71.3,blonde,blue
19,Jess,Taile,38,Female,China,170.8,61.6,red,brown
20,Steffie,Cathel,56,Female,Syria,153.5,91.9,brown,green
21,Elfrieda,Goldman,81,Female,France,197.0,71.5,blonde,green
22,Fergus,Ribou,28,Male,Gambia,196.0,72.0,black,brown
23,Karyn,Kelloch,34,Female,Indonesia,167.8,54.2,blonde,green
24,Jeremias,Herche,66,Male,Canada,166.9,75.5,red,green
25,Camala,Puttnam,53,Female,Philippines,195.8,53.3,red,green
26,Molly,Boatman,40,Female,Azerbaijan,191.9,56.4,brown,brown
27,Miner,Flay,29,Male,Guatemala,188.5,93.0,red,blue
28,Abigail,Glowacz,68,Female,France,181.2,96.2,blonde,blue
29,Travers,Lawson,57,Male,France,162.6,89.8,black,blue
30,Riccardo,Leaver,44,Male,Greenland,198.4,71.3,red,blue
31,Celeste,Dunk,40,Non-binary,Philippines,189.2,61.1,red,blue
32,Madlen,Asbury,35,Female,Pakistan,153.3,78.0,blonde,blue
33,Vere,Gallamore,74,Female,China,180.9,54.3,blonde,green
34,Gallagher,Jancik,67,Male,Portugal,166.1,87.1,brown,brown
35,Dion,Riccardelli,28,Polygender,Sweden,156.2,66.8,blonde,green
36,Tarrance,Howman,32,Male,Russia,155.7,74.2,red,blue
37,Nicky,Foote,24,Female,China,151.0,70.8,brown,green
38,Patricio,Blampey,77,Male,Poland,156.7,82.3,red,blue
39,Pate,Littlejohns,44,Male,China,171.5,83.6,red,brown
40,Barny,Aisbett,30,Male,Poland,187.3,69.7,red,brown
41,Modestine,Stewart,63,Female,Poland,167.2,92.0,brown,blue
42,Edwina,Rowena,66,Female,China,172.3,74.4,red,blue
43,Lavena,Larcher,54,Female,China,172.1,51.6,black,green
44,Brandon,De Atta,55,Male,Philippines,155.8,74.2,brown,green
45,Frazier,Offord,23,Male,Tanzania,185.8,63.4,red,green
46,Hadleigh,Minister,80,Male,Poland,171.3,70.2,red,blue
47,Jess,Vatcher,34,Male,China,183.4,95.3,blonde,blue
48,Amble,Erley,65,Male,Anguilla,188.5,62.5,red,blue
49,Brita,Linnell,35,Female,Russia,166.8,82.1,blonde,blue
50,Edgardo,Laffoley-Lane,56,Male,France,182.7,52.1,red,green
51,Audie,Tandey,29,Female,China,182.7,72.8,black,brown
52,Lettie,Frudd,25,Female,Reunion,197.0,51.4,blonde,blue
53,Rebeca,Woolger,31,Female,Iran,185.9,95.1,red,blue
54,Bobbie,Buckland,61,Male,China,176.7,87.1,black,blue
55,Ricky,Iorio,27,Male,Poland,160.3,82.3,black,green
56,Jon,Baselio,42,Male,China,175.6,58.0,red,brown
57,Leoine,Howlings,32,Female,France,178.7,97.3,blonde,brown
58,Noel,Roelvink,80,Male,Lithuania,189.8,59.1,brown,green
59,Giffer,Limbert,25,Male,Indonesia,162.4,89.1,brown,brown
60,Jamie,Brocket,77,Male,China,167.9,79.8,red,brown
61,Thorsten,Balasini,85,Male,United States,163.4,79.2,blonde,brown
62,Rolando,Thornber,33,Non-binary,Portugal,182.7,59.0,red,green
63,Eliot,Wones,55,Male,Sweden,176.7,52.8,black,green
64,Jeffrey,Juanes,52,Genderfluid,Libya,161.2,66.6,black,blue
65,Edwin,Tomczykowski,66,Male,Sweden,195.9,57.1,brown,blue
66,Sullivan,Delea,62,Agender,Russia,185.0,53.8,blonde,brown
67,Lorinda,Langley,33,Female,Denmark,181.1,60.1,brown,green
68,Riva,Anan,60,Female,Russia,162.7,54.7,red,green
69,Thomas,Dymond,50,Male,China,167.8,92.6,red,green
70,Zorine,Sheehy,44,Polygender,Venezuela,175.2,75.7,blonde,blue
71,Christalle,McComb,57,Female,Colombia,180.9,95.3,blonde,brown
72,Lonee,Mebius,18,Female,Portugal,165.0,77.3,red,green
73,Sonnnie,Camamile,46,Female,Japan,152.2,68.4,brown,brown
74,Vaughn,Ioannidis,21,Male,Japan,191.2,54.7,black,green
75,Amery,Nabbs,73,Male,Argentina,162.1,95.9,black,green
76,Maddy,Heaseman,66,Polygender,Ukraine,160.2,53.4,brown,brown
77,Carly,Daudray,27,Female,Russia,166.8,95.5,brown,green
78,Berny,Pedri,53,Female,China,158.0,70.3,blonde,blue
79,Germayne,Boggs,38,Male,Russia,160.5,52.0,brown,green
80,Isobel,Tredwell,38,Female,Finland,185.3,72.6,red,brown
81,Kyle,Climie,81,Polygender,Brazil,189.2,66.9,red,green
82,Vivyan,Gitthouse,35,Female,Mexico,165.9,61.2,brown,blue
83,Griz,Joron,43,Male,Brazil,155.6,75.9,brown,brown
84,Welbie,Tomsett,59,Male,Sweden,183.8,70.3,brown,green
85,Jammal,Mc Meekan,27,Male,Iran,163.6,68.9,black,green
86,Adora,Kolushev,26,Female,France,154.5,66.0,blonde,brown
87,Harlie,Crosdill,29,Female,Belgium,195.6,66.2,black,brown
88,Adrienne,Gyves,66,Female,Albania,199.5,82.8,blonde,blue
89,Page,Avesque,26,Genderqueer,Indonesia,180.5,60.9,blonde,blue
90,Mora,Stowgill,35,Female,Brazil,163.9,91.6,blonde,green
91,Philippine,Upstell,34,Female,Indonesia,181.7,77.8,red,blue
92,Candice,Lung,34,Female,China,158.6,80.2,black,brown
93,Sabine,Keyes,57,Female,Indonesia,191.6,68.6,black,brown
94,Mercy,Gibbie,33,Female,Palestinian Territory,159.5,59.4,brown,green
95,Heather,Cunliffe,52,Female,China,161.1,84.9,black,brown
96,Cara,Diche,33,Female,Indonesia,194.3,56.0,blonde,blue
97,Julie,Cossons,55,Female,Japan,198.5,71.0,black,brown
98,Valdemar,Rew,59,Male,Indonesia,196.2,86.0,brown,brown
99,Doralyn,Coarser,43,Female,Peru,179.7,85.1,black,brown
100,Jammie,Bummfrey,36,Female,Mexico,183.3,62.8,blonde,blue
101,Denni,Petrelluzzi,42,Female,Vietnam,186.0,73.8,red,green
102,Franchot,Wroath,26,Male,China,183.4,95.2,blonde,green
103,Drake,Ambler,65,Agender,Thailand,167.3,58.3,blonde,brown
104,Gigi,Bumford,70,Bigender,Egypt,174.4,91.0,red,brown
105,Emelda,Skoggings,48,Female,Brazil,166.4,99.7,blonde,green
106,Carver,Apted,66,Male,China,160.0,69.9,blonde,green
107,Lindy,Jantet,50,Female,Argentina,193.0,68.7,red,green
108,Brigida,Kid,56,Agender,South Africa,151.0,50.9,black,blue
109,Bart,Wiskar,62,Male,Nicaragua,192.0,59.2,brown,brown
110,Cello,O'Brogan,69,Male,United States,154.2,94.5,brown,brown
111,Olivier,McTague,53,Agender,Czech Republic,188.5,82.0,brown,brown
112,Vidovic,Wharram,34,Male,France,197.0,58.7,blonde,blue
113,Cullen,Tuttiett,76,Male,Philippines,168.3,56.6,blonde,green
114,Clotilda,Lehr,47,Female,Argentina,150.7,67.6,black,brown
115,Claiborne,Grieveson,37,Male,Russia,187.1,73.2,brown,green
116,Siana,Hixley,48,Female,China,190.4,84.0,red,brown
117,Rebe,Ingraham,24,Female,China,196.2,85.8,brown,green
118,Jesselyn,McPake,43,Female,China,181.7,98.2,red,green
119,Amaleta,Inwood,18,Bigender,Panama,154.6,72.3,black,green
120,Madelaine,Robez,72,Female,China,189.6,54.7,red,green
121,Yuma,Fairbank,64,Male,China,160.7,62.4,red,blue
122,Ransom,Wanden,64,Male,Indonesia,160.3,91.5,red,blue
123,Talia,Riteley,33,Female,Peru,178.4,84.7,red,brown
124,Goraud,Spuffard,55,Male,Brazil,181.3,58.9,brown,green
125,Loralie,Cockrill,32,Female,Uganda,172.1,85.4,brown,brown
126,Jorgan,Witherington,77,Male,Argentina,199.3,79.3,brown,blue
127,Carley,Wheatman,50,Female,Mexico,174.1,66.7,red,brown
128,Horton,Moorcraft,39,Male,China,191.4,53.7,blonde,blue
129,Lurette,Braitling,23,Female,Guatemala,163.5,73.1,black,green
130,Stevana,Boncore,26,Female,Japan,173.3,96.6,black,green
131,Odelinda,Sparrowe,32,Female,Philippines,186.1,69.4,red,green
132,Lorens,Alcido,48,Male,China,199.9,71.4,red,blue
133,Ben,Kift,55,Male,Russia,162.5,96.3,blonde,green
134,Tanner,Pinwill,18,Male,Croatia,164.4,69.0,blonde,green
135,Roderic,Nuemann,34,Male,United States,175.8,90.1,black,brown
136,Cris,Medeway,22,Bigender,Brazil,186.7,57.4,black,blue
137,Elijah,Chazelle,36,Male,Brazil,180.2,84.2,black,blue
138,Dacia,Czaple,63,Female,China,180.8,53.2,blonde,green
139,Consuelo,Boswell,59,Female,Indonesia,163.5,88.6,red,green
140,Indira,Gomar,72,Female,Philippines,184.4,70.0,brown,brown
141,Esther,Woolsey,23,Female,Honduras,158.2,99.4,brown,blue
142,Ronnie,Scarlon,40,Male,Indonesia,158.9,83.3,brown,brown
143,Enrichetta,Sweett,26,Female,Poland,160.2,67.9,brown,blue
144,Fannie,MacSherry,51,Female,Japan,150.0,66.9,brown,green
145,Kellie,Mougenel,80,Female,Peru,154.2,95.0,brown,blue
146,Veronique,Thomas,66,Female,Afghanistan,199.8,70.2,brown,brown
147,Steffie,Brabban,56,Female,China,197.0,94.2,brown,brown
148,Silas,Pluck,72,Male,Russia,160.1,94.4,blonde,blue
149,Osborne,Gudgen,58,Male,Azerbaijan,162.9,61.8,red,brown
150,Rosalynd,La Padula,73,Female,Democratic Republic of the Congo,155.1,73.5,red,blue
151,Phillis,Litterick,26,Female,Russia,192.4,73.1,black,blue
152,Wandis,Polon,70,Female,Indonesia,161.0,57.2,brown,brown
153,Lory,Marrian,20,Female,Mexico,175.2,80.5,brown,blue
154,Godfree,Lunnon,37,Male,Andorra,177.3,94.7,brown,green
155,Clive,Yurshev,24,Male,Cambodia,177.7,95.9,blonde,green
156,Cesare,Yegorov,84,Male,Indonesia,182.0,83.9,black,green
157,Matelda,Cozby,18,Female,China,166.0,70.7,black,brown
158,Brew,Wiffler,58,Male,France,195.6,95.2,black,blue
159,Massimiliano,Coventry,30,Male,China,184.7,66.0,blonde,brown
160,Carlynne,Munns,84,Female,United States,158.2,60.6,black,blue
161,Xavier,Pentycost,34,Male,Indonesia,193.6,88.1,red,green
162,Katlin,Tiplady,49,Female,Russia,161.3,55.0,black,blue
163,Mehetabel,Kingzeth,56,Female,Mexico,178.5,52.6,red,green
164,Lauree,Phillipson,45,Genderqueer,Russia,197.8,62.6,black,brown
165,Marcos,Blannin,68,Male,Pakistan,153.7,94.5,black,green
166,Constantine,Hurlston,62,Female,Portugal,173.9,68.9,blonde,brown
167,Corrine,Gouldstraw,69,Female,Serbia,198.6,99.7,brown,brown
168,Nahum,Caskey,51,Male,Syria,171.4,83.2,brown,brown
169,Rooney,Stryde,18,Male,Costa Rica,196.7,72.9,blonde,green
170,Carter,Trownson,61,Male,Thailand,184.9,71.1,black,brown
171,Marcus,Spurritt,28,Male,China,163.5,98.9,brown,brown
172,Verene,Piquard,79,Female,Indonesia,176.4,70.5,red,green
173,Correy,Panks,50,Male,Philippines,192.1,85.1,brown,green
174,Teodor,Colbron,42,Male,China,150.5,88.1,black,brown
175,Lucretia,Harraway,59,Female,France,180.4,78.6,red,blue
176,Giraldo,Ginni,33,Male,France,165.5,99.1,blonde,green
177,Damara,Goshawk,40,Female,Portugal,168.4,83.2,red,green
178,Thedrick,Swiffan,65,Male,Burundi,189.4,57.1,blonde,green
179,Gibb,Houten,55,Male,Dominican Republic,165.2,75.6,blonde,blue
180,Gaylor,Whight,51,Male,China,161.6,82.8,black,blue
181,Caril,Fraczkiewicz,79,Female,Morocco,178.0,80.0,blonde,green
182,Aksel,Deane,21,Male,Indonesia,152.1,55.4,brown,green
183,Brook,Thay,75,Genderfluid,Germany,195.1,60.1,red,green
184,Hardy,Brugger,45,Male,Malaysia,166.3,68.5,blonde,brown
185,Aland,Sprake,20,Male,Malaysia,196.2,57.5,blonde,green
186,Edyth,Lewisham,22,Female,Philippines,193.3,98.0,blonde,green
187,Ellerey,Wais,32,Male,Ukraine,151.8,88.1,red,blue
188,Dyann,Esslemont,78,Female,China,155.4,53.7,red,brown
189,Cornela,Schlagman,45,Female,China,160.7,63.9,brown,blue
190,Nickey,Lissandre,76,Male,Cyprus,171.0,99.4,black,green
191,Jamie,Soppeth,27,Male,Philippines,150.4,54.5,black,blue
192,Terrel,Izatt,43,Male,China,171.9,55.4,black,blue
193,Gerrilee,Kearn,64,Polygender,Brazil,185.3,81.8,blonde,blue
194,Rayner,Coult,34,Male,China,185.0,88.3,brown,brown
195,Earvin,Cowndley,56,Male,Indonesia,195.6,83.9,black,green
196,Cyndy,Wiggall,79,Female,China,183.7,58.8,brown,brown
197,Brynne,Lening,78,Female,Russia,196.3,63.5,red,blue
198,Pinchas,Whebell,30,Male,Indonesia,157.8,79.2,red,blue
199,Omar,Tacey,32,Male,South Korea,151.5,81.7,brown,brown
200,Valentia,Heyfield,77,Female,Philippines,151.1,94.8,blonde,brown
201,Alric,Grain,30,Male,China,154.4,89.9,black,brown
202,Merwyn,Bunny,77,Male,China,169.0,61.6,brown,blue
203,Arlie,Joannic,40,Female,Indonesia,156.8,71.4,brown,blue
204,Delano,Sarfatti,29,Male,Philippines,198.1,78.0,brown,blue
205,Eda,Zorro,77,Female,Bosnia and Herzegovina,189.0,89.7,red,brown
206,Mariele,Rothermel,73,Genderqueer,Ukraine,187.4,88.1,black,blue
207,Woodie,Spriggen,36,Male,Indonesia,197.1,74.2,black,brown
208,Victoir,Backen,70,Male,Mongolia,150.6,63.3,brown,green
209,Caleb,Tortice,39,Male,China,189.4,89.5,brown,brown
210,Winnifred,Grabeham,18,Female,Indonesia,189.6,67.8,blonde,brown
211,Benedict,Davidofski,40,Male,Ecuador,155.2,84.2,red,blue
212,Myranda,Beeckx,67,Female,Chad,158.4,70.1,red,blue
213,Natale,Jeandon,30,Male,China,170.8,91.6,black,blue
214,Letizia,Feldstein,22,Female,Indonesia,152.4,66.8,brown,brown
215,Shaughn,Peaker,27,Male,Indonesia,150.2,77.9,red,blue
216,Forrest,Hulburt,55,Male,Portugal,183.5,80.5,black,brown
217,Lily,Abrahamsen,21,Female,China,169.5,92.7,black,green
218,Boot,Stachini,79,Male,Ethiopia,164.7,81.2,brown,green
219,Chickie,Camsey,26,Male,Greece,180.5,93.2,blonde,blue
220,Rowland,Lunk,50,Male,Russia,194.5,72.5,black,green
221,Dimitry,Wyburn,62,Male,Northern Mariana Islands,189.1,72.1,brown,green
222,Tobey,Winsley,38,Female,Brazil,191.8,71.2,red,brown
223,Kristy,Gwinnel,69,Female,France,191.4,56.9,red,blue
224,Reinwald,Shotton,81,Male,Afghanistan,166.1,73.0,black,brown
225,Alexandros,Pendleton,56,Male,Cuba,195.0,92.5,red,blue
226,Allix,Brettel,77,Female,Brazil,154.0,56.5,black,blue
227,Amalle,Gulston,71,Female,Mozambique,162.0,84.0,brown,green
228,Kesley,Cordero,24,Female,Greece,197.3,80.1,brown,brown
229,Devonne,Clyde,26,Female,China,151.8,52.9,red,green
230,Elsworth,Fishlock,56,Male,Philippines,164.2,99.0,black,blue
231,Urson,Yerrell,19,Male,Barbados,170.4,80.5,blonde,green
232,Diandra,Hatton,38,Non-binary,Spain,197.6,73.2,brown,blue
233,Ossie,Ranshaw,70,Male,Greece,197.2,92.5,brown,blue
234,Gib,Iddens,71,Male,Greece,163.3,62.7,brown,brown
235,Eduardo,Kann,68,Male,Sweden,178.9,93.1,blonde,brown
236,Bernardina,Mayfield,33,Female,France,184.4,81.2,black,blue
237,Bartholemy,Keyden,27,Male,Croatia,156.9,62.3,black,brown
238,Grover,Cullnean,28,Male,Thailand,170.5,97.7,black,blue
239,Elmer,Seers,81,Male,Mexico,172.1,66.1,black,green
240,Huberto,Martensen,32,Male,France,169.0,90.1,brown,blue
241,Hastie,Mollindinia,79,Male,Belize,151.1,92.0,blonde,blue
242,Gaylord,Brotherhead,38,Male,Bangladesh,171.8,81.5,brown,green
243,Martin,Goodlake,71,Male,Indonesia,151.3,99.7,brown,brown
244,Thor,Rochford,22,Genderqueer,Peru,164.5,58.6,black,green
245,Liv,Cadore,77,Female,Philippines,189.9,53.6,blonde,green
246,Bertrando,Fabb,67,Male,Philippines,177.6,98.7,brown,blue
247,Jasen,Ungaretti,50,Male,Latvia,166.4,85.9,red,brown
248,Dur,Carlick,29,Male,China,159.2,74.4,red,green
249,Gib,Harden,71,Male,Indonesia,188.4,69.8,brown,green
250,Shaughn,Kingsford,27,Male,Czech Republic,166.6,70.0,black,blue
251,Nicola,Topham,45,Male,China,186.9,51.3,blonde,brown
252,Nahum,Dewan,31,Male,Brazil,188.0,85.1,red,brown
253,Irwin,Losbie,71,Male,Brazil,154.0,57.4,black,green
254,Casper,Sedgwick,66,Male,China,178.6,67.6,black,brown
255,Avrom,Onion,50,Male,United States,195.4,65.4,red,green
256,Myranda,Baistow,85,Female,Nepal,165.3,55.3,brown,green
257,Felisha,Wilstead,63,Female,Nigeria,191.3,60.8,black,brown
258,Suki,Yewdale,81,Female,Russia,193.5,79.8,brown,brown
259,Dillie,Gerardet,36,Male,Argentina,162.4,66.8,blonde,brown
260,Seth,Lourens,25,Male,Indonesia,150.5,71.1,brown,blue
261,Anabelle,Tebbs,22,Female,Indonesia,150.7,64.6,brown,brown
262,Dollie,Attoe,58,Female,Venezuela,158.9,80.4,brown,brown
263,Harri,Dutnell,26,Female,Malta,185.8,72.5,red,green
264,Avrom,Merigeau,79,Male,China,182.9,62.8,brown,green
265,Bernard,Romeo,63,Male,Yemen,183.6,63.9,black,blue
266,Andras,Feaster,24,Male,Sweden,192.0,78.6,black,green
267,Alidia,Jonah,83,Female,Sweden,192.7,82.7,black,brown
268,Nikki,Kerton,58,Female,China,183.0,91.4,black,brown
269,Drucill,Tutsell,74,Polygender,Colombia,155.3,73.7,brown,brown
270,Waverly,Holborn,18,Male,China,187.4,78.2,black,blue
271,Nicolis,Hugues,68,Male,Philippines,190.1,73.2,brown,brown
272,Brose,Castle,75,Male,Indonesia,179.9,95.4,black,brown
273,Luke,Bonwick,62,Male,France,177.6,75.7,brown,blue
274,Dehlia,Deftie,60,Female,Iran,187.6,82.5,blonde,green
275,Paco,Heaker,29,Male,Thailand,151.7,66.6,red,green
276,Rolfe,Dacre,46,Male,Brazil,190.1,68.7,brown,brown
277,Leann,Jovicevic,66,Non-binary,Indonesia,177.0,51.3,red,brown
278,Laurens,Wyllcock,46,Male,Germany,160.9,61.7,blonde,brown
279,Erwin,Kall,20,Male,China,181.6,86.8,black,brown
280,Brian,Shoemark,63,Male,Peru,174.3,52.8,blonde,green
281,Ashby,Lacroix,36,Male,Sierra Leone,166.6,58.1,black,blue
282,Antonin,Biford,38,Bigender,Russia,195.6,79.1,blonde,green
283,Yasmin,Faivre,35,Female,France,179.4,84.2,red,brown
284,Arden,Greenroad,53,Female,Indonesia,175.9,62.6,red,green
285,Hanny,Beert,61,Female,Italy,174.6,95.5,black,blue
286,Greggory,Piggot,62,Male,China,167.8,84.8,blonde,blue
287,Geralda,Rosenwasser,24,Female,Indonesia,187.4,74.8,blonde,blue
288,Michel,Buckles,18,Female,Mexico,152.8,88.4,blonde,blue
289,Loise,Jennison,25,Female,Serbia,195.4,90.2,black,green
290,Melitta,Meeke,62,Female,France,179.2,70.8,brown,brown
291,Priscilla,Sturman,81,Female,Czech Republic,172.2,93.5,brown,blue
292,Tanhya,Dronsfield,56,Female,China,177.8,53.7,blonde,green
293,Carlos,Jellis,18,Genderfluid,Russia,152.0,68.0,red,blue
294,Ermin,Zambonini,79,Male,Indonesia,178.1,66.5,blonde,blue
295,Albert,Devers,70,Male,Kenya,153.0,76.8,red,blue
296,Clarinda,Glashby,22,Female,United States,191.3,54.7,blonde,brown
297,Lindsey,Tipling,64,Male,Greece,169.0,85.5,brown,brown
298,Hally,Gile,35,Agender,China,158.9,92.4,black,blue
299,Trueman,Loades,59,Male,Indonesia,195.5,73.7,blonde,green
300,Carlo,Garland,52,Male,Greece,179.6,70.2,brown,blue
301,Leon,Beurich,83,Male,Portugal,157.8,90.9,blonde,brown
302,Jennifer,Stabbins,65,Female,Sweden,150.2,73.1,brown,blue
303,Toinette,Matts,49,Genderqueer,Russia,152.0,77.7,blonde,brown
304,Keith,Mussen,79,Male,Indonesia,155.9,62.6,black,green
305,Port,Corradino,72,Male,Syria,152.2,79.4,brown,brown
306,Jenny,Enticott,81,Female,United States,163.9,69.3,black,green
307,Nell,Creaven,60,Female,China,181.1,87.9,blonde,blue
308,Merilee,Titterell,69,Female,China,189.6,56.9,red,blue
309,Sherwood,Dranfield,19,Male,Ukraine,159.0,71.1,blonde,brown
310,Palmer,Henlon,52,Agender,China,178.8,56.8,blonde,green
311,Liz,Battleson,51,Female,China,184.0,55.8,brown,blue
312,Fonsie,McNeil,23,Male,Afghanistan,189.6,83.0,red,blue
313,Leela,Idenden,72,Female,Indonesia,157.7,57.2,black,green
314,Katy,Bienvenu,31,Female,Colombia,165.4,52.7,red,brown
315,Yasmeen,Antognazzi,30,Female,China,168.6,53.7,red,brown
316,Courtney,Burgett,68,Female,Indonesia,181.0,78.2,brown,green
317,Karisa,Schuh,24,Female,China,160.5,61.8,blonde,green
318,Lilllie,Halvosen,29,Female,Poland,184.5,82.6,blonde,blue
319,Toddy,Groarty,44,Male,Afghanistan,186.9,57.8,brown,brown
320,Winni,Benger,30,Female,Ukraine,168.2,88.3,blonde,blue
321,Leupold,Cavendish,54,Agender,China,181.8,50.9,brown,brown
322,Aron,Phebey,37,Male,Paraguay,163.9,76.5,brown,blue
323,Shepard,Tregona,66,Male,Macedonia,175.6,74.1,blonde,blue
324,Fergus,Durnall,71,Male,Indonesia,193.2,96.9,blonde,green
325,Dulci,Rea,24,Female,Indonesia,166.5,77.8,red,brown
326,Mic,Olohan,23,Male,Indonesia,165.1,79.1,brown,brown
327,Joceline,Rekes,76,Non-binary,Indonesia,193.9,86.2,blonde,green
328,Geraldine,Pollastro,79,Female,Bolivia,169.0,97.9,brown,brown
329,Ario,Hassan,75,Male,Mexico,170.6,52.6,red,brown
330,Brianna,Gerrell,65,Female,Argentina,197.7,50.5,black,blue
331,Harwell,Banat,34,Male,Azerbaijan,178.6,87.5,brown,brown
332,Carmencita,Gaudon,69,Female,China,153.0,70.1,red,green
333,Ainslee,De Bischop,38,Female,Indonesia,195.7,79.0,red,blue
334,Rowney,Burel,85,Male,China,169.5,89.2,blonde,green
335,Winston,Guerreau,80,Male,Thailand,179.0,80.3,black,green
336,Doralia,Curro,39,Female,Russia,184.5,74.0,black,brown
337,Terra,Meineking,35,Female,Sweden,186.3,71.2,brown,blue
338,Ernesta,Gilchrest,27,Female,Philippines,190.7,78.7,black,brown
339,Chaunce,Clemencon,56,Male,Argentina,192.1,92.9,blonde,green
340,Cobbie,Procter,18,Male,Iran,153.6,84.3,black,green
341,Zebulon,Guidotti,30,Male,China,188.7,76.3,black,blue
342,Raul,Deware,52,Genderfluid,Japan,185.5,86.7,brown,blue
343,Danny,Bradburne,81,Female,Russia,198.4,97.5,black,blue
344,Noreen,Metzke,75,Female,Philippines,172.8,83.3,black,blue
345,Richy,Derisly,53,Male,Philippines,179.4,85.4,blonde,brown
346,Demetris,Mussared,38,Male,Indonesia,155.8,98.7,black,brown
347,Reiko,Pidgeley,63,Female,Colombia,158.2,80.2,blonde,green
348,Saunder,Cornils,25,Male,Papua New Guinea,174.4,86.0,red,green
349,Nealson,Cogin,44,Bigender,Portugal,159.5,84.3,red,brown
350,Johnathan,Danjoie,23,Male,United States,159.1,97.4,red,blue
351,Jenni,Manklow,61,Female,China,162.1,50.4,blonde,brown
352,Gray,Astill,39,Male,North Korea,193.4,71.6,black,green
353,Filip,Wile,20,Male,Serbia,152.4,77.1,black,green
354,Reuven,Kynman,22,Male,France,196.9,63.0,blonde,green
355,Lesley,Leaman,54,Female,Russia,183.7,60.4,blonde,green
356,Kiley,Joinsey,26,Female,China,166.2,87.3,blonde,blue
357,Wileen,Scourfield,28,Female,Ireland,190.6,67.6,red,brown
358,Lisle,Loxton,35,Male,Indonesia,180.6,83.1,brown,blue
359,Emanuele,Tellenbach,39,Male,Morocco,155.3,86.8,brown,brown
360,Kariotta,Doore,62,Female,Indonesia,153.3,76.8,black,blue
361,Devonne,Stegers,69,Female,Kazakhstan,171.7,84.5,black,brown
362,Giraldo,Attril,36,Male,China,162.1,52.6,blonde,brown
363,Richard,Pepall,44,Male,Indonesia,160.5,57.7,black,brown
364,Ranice,Frissell,38,Female,Mauritius,153.8,57.4,blonde,green
365,Daffi,Thewles,21,Female,China,168.9,68.8,blonde,green
366,Eada,Kaesmakers,55,Female,Sweden,167.6,66.0,black,green
367,Nicki,Carlill,62,Female,French Guiana,199.5,58.1,blonde,blue
368,Donavon,Cholwell,46,Male,Philippines,181.8,97.6,black,blue
369,Ricoriki,Bromwich,50,Male,China,194.4,99.7,black,brown
370,Prinz,Skeel,68,Male,Indonesia,152.7,80.2,blonde,blue
371,Sela,Derx,49,Female,Philippines,195.9,61.5,black,blue
372,Saleem,Peters,69,Male,Greece,174.5,50.3,brown,brown
373,Rolland,Troake,77,Male,China,190.7,65.6,brown,blue
374,Leupold,Tall,40,Male,Czech Republic,162.6,73.8,black,green
375,Jarret,Battlestone,74,Male,Namibia,164.4,52.5,red,brown
376,Justine,Hellard,34,Female,Japan,182.5,71.2,red,green
377,Dusty,Gribble,55,Female,Indonesia,161.5,56.7,black,blue
378,Chaim,Everal,50,Male,Peru,176.1,99.2,black,green
379,Mortimer,Pym,78,Male,Canada,180.2,60.2,brown,blue
380,Ruthann,Elia,27,Female,United States,170.6,70.4,blonde,brown
381,Burton,Crippin,59,Genderfluid,Nigeria,179.5,61.0,blonde,blue
382,Lucita,Vyvyan,53,Female,Colombia,166.0,94.3,black,green
383,Andria,Lissandrini,56,Female,Uganda,184.8,92.4,blonde,brown
384,Merle,Kopf,21,Polygender,Indonesia,193.0,75.0,brown,blue
385,Brew,Jenson,40,Bigender,Indonesia,195.9,74.0,red,green
386,Louisette,Edgson,65,Female,Czech Republic,168.5,85.6,red,green
387,Latrena,Connachan,78,Female,Democratic Republic of the Congo,164.2,52.5,brown,green
388,Layton,Beggan,47,Male,Poland,157.2,58.5,red,blue
389,Gaspard,Oakenfall,43,Male,Indonesia,190.0,93.4,brown,blue
390,Werner,Mullett,74,Male,Albania,158.3,79.7,blonde,blue
391,Zora,Dunne,28,Female,Indonesia,171.8,73.2,black,blue
392,Debee,Odgers,45,Female,Malawi,182.4,52.9,brown,brown
393,Antons,Cleere,23,Male,Philippines,162.2,98.0,red,green
394,Sasha,Langfield,53,Female,Honduras,180.6,85.9,brown,brown
395,Wolfgang,Darbon,30,Male,Russia,197.4,72.1,brown,blue
396,Chris,Ambroix,74,Bigender,Lithuania,161.1,77.3,brown,green
397,Inglebert,Senechault,50,Male,Indonesia,164.5,73.0,blonde,brown
398,Berky,Renard,69,Male,Philippines,186.6,59.4,red,brown
399,Elayne,Wildman,56,Female,Mexico,175.8,71.5,brown,blue
400,Symon,Coltan,72,Agender,Indonesia,170.3,52.2,black,brown
401,Trudi,Lindl,45,Female,Bosnia and Herzegovina,152.9,93.7,black,brown
402,Chrisy,Gowdridge,65,Male,Honduras,172.7,75.4,red,green
403,Wylma,Koppes,41,Female,Indonesia,172.9,74.3,brown,blue
404,Lewie,Alcide,74,Male,Iran,194.4,99.9,black,green
405,Constance,Bottini,69,Female,Russia,195.3,68.1,blonde,brown
406,Marsiella,Dinnington,75,Genderqueer,Indonesia,186.5,86.2,red,green
407,Eli,Ferrer,52,Male,Chile,178.1,71.5,brown,blue
408,Sanson,Pinckney,41,Male,Croatia,164.6,69.0,blonde,blue
409,Kirsti,Fyfe,18,Female,Czech Republic,160.9,71.9,blonde,blue
410,Hunt,Prestie,53,Male,Latvia,192.9,82.0,blonde,brown
411,Thekla,Eisak,65,Female,China,170.2,64.3,brown,brown
412,Marcelline,Tinson,37,Female,Guatemala,181.4,68.8,red,brown
413,Adelind,Schulkins,20,Female,Indonesia,163.4,87.2,brown,blue
414,Elene,Letham,30,Female,Japan,187.1,95.5,black,brown
415,Barclay,Dickerson,23,Male,China,194.9,73.8,blonde,blue
416,Zollie,Yves,59,Male,Luxembourg,197.3,59.4,black,blue
417,Kay,Duddle,76,Female,Philippines,168.7,87.9,red,blue
418,Gaspar,Harriagn,49,Male,Indonesia,179.4,50.6,black,blue
419,Rozella,Sushams,50,Female,United States,186.8,61.7,black,brown
420,Gussi,Lakin,53,Female,Canada,184.1,87.5,brown,brown
421,Lynne,Dicky,41,Female,Indonesia,196.2,69.2,red,blue
422,Ginnifer,Delahunty,60,Female,Czech Republic,193.5,68.4,black,green
423,Laura,Bownas,57,Female,Uzbekistan,166.1,95.7,black,green
424,Cecile,Tibbetts,44,Female,Portugal,164.4,53.0,red,brown
425,Orlando,Atherton,81,Male,Serbia,165.6,50.4,brown,green
426,Syman,Grene,18,Male,Greece,157.3,81.7,blonde,green
427,Lincoln,Kilford,26,Male,China,153.4,97.7,blonde,blue
428,Gretal,Peppett,34,Genderqueer,Tunisia,181.7,87.4,black,blue
429,Byram,Nealand,27,Male,Portugal,179.5,78.1,brown,green
430,Raff,Simenon,32,Male,Republic of the Congo,169.7,95.4,black,blue
431,Regine,Fagan,23,Female,Cuba,175.3,59.7,brown,brown
432,Randee,Mayou,30,Female,China,173.7,51.2,blonde,blue
433,Anna-maria,Loosley,82,Female,Norway,181.7,57.4,red,brown
434,Hamlin,Mantione,43,Male,Ireland,167.0,90.2,black,green
435,Olenolin,Franz,61,Male,Peru,178.3,82.8,black,brown
436,Benjy,Nesey,80,Male,Sweden,194.6,80.1,blonde,brown
437,Wilden,Leebetter,77,Male,Portugal,180.4,75.5,black,brown
438,Christi,Stelljes,26,Female,Thailand,167.5,68.0,brown,green
439,Zane,Sherwell,54,Male,China,187.1,69.1,black,green
440,Keven,Rey,64,Non-binary,Czech Republic,190.9,54.8,black,brown
441,Holden,Skewes,67,Male,Czech Republic,179.5,61.0,brown,blue
442,Erin,Bryden,33,Male,Egypt,154.4,99.4,brown,blue
443,Aubrey,Bogaert,19,Female,China,183.4,51.8,black,green
444,Genvieve,Dilks,27,Female,Philippines,159.3,80.0,blonde,brown
445,Gizela,Pie,68,Female,Belarus,152.4,80.5,red,blue
446,Finley,Isaac,33,Male,Brazil,155.7,97.4,brown,brown
447,Jon,Ashford,34,Male,China,188.2,64.9,blonde,blue
448,Jacquetta,Caplan,44,Female,Poland,160.3,63.6,black,blue
449,Kincaid,Giblin,24,Male,Poland,193.2,93.5,blonde,brown
450,Adelbert,Balcock,46,Male,Syria,180.2,60.8,red,brown
451,Wallis,Klaiser,54,Female,Peru,197.4,84.1,red,blue
452,Hally,Golden of Ireland,35,Female,Armenia,157.2,72.4,brown,blue
453,Moss,Filyukov,64,Male,Indonesia,193.7,57.2,brown,green
454,Verena,Cowlishaw,74,Genderfluid,Sweden,175.0,94.8,brown,green
455,Darline,Scawton,23,Female,Morocco,180.7,95.3,blonde,brown
456,Sonni,Vanichkin,52,Female,Russia,153.4,77.7,red,blue
457,Stanley,Anfusso,68,Male,Portugal,159.0,59.1,brown,green
458,Zebadiah,Goodhay,35,Male,China,165.8,90.4,red,brown
459,Sara-ann,O'Kinneally,69,Female,Yemen,199.7,99.2,blonde,blue
460,Lodovico,Irwin,73,Male,China,198.6,98.7,blonde,green
461,Xenia,Shannahan,50,Female,Saudi Arabia,172.0,85.7,black,blue
462,Rosemary,Manvelle,78,Female,Colombia,166.8,63.2,red,green
463,Carmel,Yurmanovev,32,Female,France,160.1,72.2,black,green
464,Jonell,Monson,37,Female,New Zealand,194.7,77.0,black,brown
465,Eziechiele,Waldren,56,Male,Poland,194.4,53.5,red,brown
466,Donnajean,Owenson,21,Female,Canada,191.3,52.6,black,green
467,Anna-diana,Eilhersen,25,Female,Indonesia,198.9,63.5,black,green
468,Babette,Rumble,69,Female,Mauritania,158.7,75.5,brown,green
469,Brew,Moynihan,49,Male,Portugal,165.5,57.5,blonde,brown
470,Stacie,Lochet,75,Female,Brazil,186.6,97.4,blonde,brown
471,Ophelie,Bransgrove,30,Female,Togo,194.1,50.3,blonde,green
472,Mile,Siehard,25,Male,Russia,183.2,83.6,red,brown
473,Nikki,Aldersey,30,Genderfluid,Brazil,153.5,87.5,blonde,green
474,Arie,Tuckwell,64,Genderqueer,China,194.8,92.7,blonde,brown
475,Jedediah,Kitcat,24,Male,New Zealand,191.7,56.9,blonde,green
476,Kassia,Struis,67,Female,Zimbabwe,194.7,61.4,red,green
477,Moyra,Boeter,56,Female,China,183.2,76.0,blonde,green
478,Beatriz,Parffrey,85,Female,Kenya,160.9,95.1,blonde,brown
479,Holly,Calcutt,43,Male,Czech Republic,156.7,51.9,brown,blue
480,Kaspar,M'Chirrie,66,Male,China,197.6,55.9,black,green
481,Orlan,Strewther,69,Male,Malaysia,162.6,57.4,black,brown
482,Em,Fairholm,66,Male,Indonesia,170.4,84.5,brown,green
483,Milt,Lisciardelli,37,Male,Vietnam,174.1,90.8,black,green
484,Quinn,Doxsey,40,Male,Venezuela,192.3,68.7,black,blue
485,Rollins,Lynes,48,Genderfluid,Bermuda,199.0,78.9,black,blue
486,Sapphira,Zecchetti,61,Female,Morocco,189.0,88.4,red,blue
487,Curt,McCarlich,49,Male,China,179.6,62.1,brown,blue
488,Nadiya,Skouling,18,Polygender,United States,189.5,61.1,black,blue
489,Aldis,Arias,60,Male,Chile,172.3,58.2,black,brown
490,Rici,Oldacre,79,Genderqueer,Indonesia,180.8,92.4,blonde,green
491,Waldon,Lamers,53,Male,Indonesia,183.2,56.8,brown,brown
492,Liliane,Goodbody,19,Female,Indonesia,198.3,59.3,brown,green
493,Celestine,Cartmel,80,Female,Lithuania,193.9,81.2,brown,brown
494,Maximilien,Krebs,59,Male,Colombia,172.5,77.1,red,blue
495,Agata,Cotherill,49,Female,Mongolia,158.4,55.0,black,blue
496,Natala,Corrado,20,Female,Indonesia,199.7,65.9,blonde,blue
497,Adora,Leadbeatter,47,Female,Indonesia,169.7,93.9,blonde,blue
498,Dedra,Jost,41,Female,Yemen,166.0,63.5,red,green
499,Richmound,Iliff,21,Male,Portugal,153.9,56.4,brown,green
500,Annemarie,Lowe,51,Female,Portugal,172.5,63.3,blonde,brown
501,Morgan,Sneath,21,Male,China,182.1,54.3,blonde,green
502,Abbot,Henken,20,Male,Thailand,195.2,92.9,blonde,green
503,Clarabelle,Schiersch,68,Female,United States,150.5,57.3,blonde,blue
504,Em,Osgardby,72,Female,Venezuela,152.2,99.6,black,blue
505,Craggie,Glazier,26,Male,Philippines,151.9,50.2,red,green
506,Erminie,de Villier,48,Female,Myanmar,183.0,50.7,blonde,brown
507,Joice,Bathoe,51,Female,Syria,196.7,81.1,brown,brown
508,Sibyl,Torr,41,Female,Kazakhstan,189.7,89.0,black,green
509,Maryl,O'Gleasane,48,Female,Russia,167.4,75.6,blonde,blue
510,Bernette,Isakovic,39,Female,China,196.4,61.6,brown,blue
511,Doe,Roseaman,63,Female,China,159.3,99.6,blonde,green
512,Johny,Prandi,41,Male,Poland,160.7,88.9,red,green
513,Marlo,MacGibbon,41,Female,Malta,187.8,97.3,black,green
514,Wallis,Foale,67,Male,Poland,152.8,70.9,blonde,blue
515,Aldwin,Drewitt,62,Male,China,199.2,99.8,blonde,blue
516,Yettie,De la Yglesias,18,Female,Brazil,160.1,51.4,blonde,brown
517,Shellie,Banbridge,76,Female,China,174.3,72.2,brown,green
518,Northrop,Bracchi,39,Male,Guam,165.1,81.9,black,blue
519,Rena,Whittlesea,26,Female,Peru,167.3,98.7,brown,blue
520,Farleigh,Hedden,73,Male,Greece,187.4,51.4,red,green
521,Michele,Tersay,66,Male,China,170.9,50.9,red,blue
522,Vittorio,O'Loghlen,57,Genderqueer,Argentina,197.2,58.7,brown,brown
523,Curran,Reef,38,Male,Russia,174.8,65.3,blonde,green
524,Camille,Sheasby,23,Female,Zimbabwe,179.1,72.3,blonde,blue
525,Jameson,Ortelt,75,Male,Pakistan,189.6,63.7,brown,brown
526,Brien,Garrard,46,Male,Ukraine,193.9,82.6,brown,blue
527,Agnes,Wilber,68,Female,United Kingdom,156.8,51.7,red,brown
528,Aleece,De Filippi,57,Non-binary,Russia,172.5,67.1,blonde,brown
529,Carmita,Melby,75,Agender,China,185.1,51.0,brown,green
530,Al,Sowden,68,Male,Mauritius,174.7,52.0,blonde,blue
531,Isidoro,Wiburn,66,Male,Portugal,177.5,70.7,black,green
532,Lock,Matfin,35,Agender,Ukraine,179.1,78.7,red,green
533,Gunar,Peacham,73,Male,Morocco,156.7,76.4,black,green
534,Flynn,Gillions,63,Male,Poland,188.7,66.3,brown,green
535,Lance,Kyle,55,Male,Russia,165.0,99.0,red,blue
536,Ellwood,Gerant,30,Male,China,172.3,98.0,black,brown
537,Courtenay,Wimbury,28,Female,Iran,181.0,56.4,brown,brown
538,Kaylil,Shephard,52,Female,Republic of the Congo,160.9,60.5,black,green
539,Scarface,Masding,65,Male,Russia,197.7,81.7,blonde,brown
540,Camel,Griss,34,Female,Guatemala,174.9,52.9,black,green
541,Goldy,Yeo,72,Female,Tanzania,189.9,75.8,red,blue
542,Abie,Isakson,32,Agender,Greece,184.0,95.4,brown,blue
543,Benito,Rennebeck,20,Male,China,162.4,75.3,black,green
544,Babbette,Clayhill,51,Female,China,188.9,74.8,blonde,blue
545,Pierce,Croneen,33,Male,Indonesia,156.3,83.4,red,brown
546,Noelyn,Bastone,61,Female,Indonesia,182.9,75.1,black,brown
547,Sol,Spere,35,Male,Indonesia,157.8,80.2,blonde,brown
548,Estel,Pendlenton,50,Female,Philippines,168.5,85.8,red,brown
549,Marci,Bonnar,38,Female,Pakistan,156.0,56.7,red,brown
550,Tilly,Aleksich,67,Polygender,Indonesia,172.6,74.1,red,brown
551,Meggie,Scamadin,45,Female,China,191.6,67.6,brown,green
552,Kenton,Iacoboni,52,Male,Indonesia,159.0,70.0,blonde,green
553,Ezra,Piken,21,Male,Bulgaria,161.3,77.3,blonde,brown
554,Rene,Damato,26,Female,France,179.4,50.8,red,brown
555,Karylin,Chitter,74,Female,China,194.2,93.2,brown,blue
556,Trescha,Dunckley,24,Female,Colombia,152.6,56.7,red,blue
557,Vikky,Sealy,35,Female,Togo,194.8,74.1,brown,blue
558,Dill,Bovis,67,Male,Philippines,165.9,78.7,brown,green
559,Kirk,Roelvink,24,Male,China,181.8,57.1,brown,brown
560,Sondra,Reeks,78,Polygender,China,173.1,78.4,blonde,green
561,Gannie,Pavlenkov,20,Male,United States,167.6,93.5,red,green
562,Tobe,Faire,60,Male,Brazil,167.8,63.2,blonde,green
563,Beltran,Merryweather,24,Male,Mongolia,175.4,81.3,black,green
564,Emmott,Swiers,60,Polygender,Bangladesh,193.0,55.6,red,green
565,Inesita,Bohin,73,Female,France,158.0,85.0,blonde,brown
566,Mischa,Feaks,30,Male,Venezuela,157.1,72.4,red,brown
567,Tailor,Maudsley,83,Male,Indonesia,168.1,77.1,blonde,blue
568,Sheffield,Murra,80,Male,Mexico,161.1,89.7,brown,brown
569,Sydney,Vaux,48,Male,Czech Republic,164.7,68.6,black,green
570,Ronald,Stickel,19,Male,Myanmar,199.8,88.3,brown,blue
571,Myra,Galiero,20,Female,Poland,196.0,56.5,red,brown
572,Eric,Ausher,83,Bigender,Portugal,169.4,52.8,blonde,blue
573,Fanchette,Curnnokk,24,Female,Colombia,181.0,97.6,blonde,blue
574,Ewart,Odeson,36,Male,Nicaragua,192.1,86.4,black,blue
575,Julia,Ledbury,33,Female,Brazil,180.7,64.1,black,blue
576,Francesca,Borgnet,57,Female,Indonesia,179.0,99.9,black,brown
577,Patrice,Oxby,66,Male,China,196.5,77.2,blonde,green
578,Ainslie,Braithwaite,74,Female,Russia,150.3,63.6,blonde,blue
579,Berri,Moral,64,Female,Indonesia,164.0,67.7,red,green
580,Brenden,Undrell,27,Male,Brazil,151.7,99.4,black,green
581,Kaylee,Beedon,81,Genderfluid,China,152.2,69.9,brown,blue
582,Gratia,Grayland,53,Female,Sweden,179.4,65.6,blonde,blue
583,Powell,Blomfield,23,Male,Hungary,168.1,84.4,blonde,blue
584,Theo,Penny,52,Female,Indonesia,168.6,84.0,black,blue
585,Sydney,Ickovits,84,Male,Indonesia,166.6,83.1,black,green
586,Mathilda,Laughren,30,Female,Indonesia,170.8,52.0,brown,brown
587,Pavia,Vannucci,18,Female,Colombia,185.5,52.8,brown,green
588,Glenn,Cattow,83,Female,Peru,198.0,97.2,black,brown
589,Allys,Flatt,19,Female,South Korea,161.7,88.2,brown,green
590,Lilyan,St. Quintin,32,Female,Nigeria,164.2,83.8,red,green
591,Tamarah,Culbert,26,Female,Philippines,179.9,91.3,red,brown
592,Micaela,Barbisch,80,Female,Argentina,159.7,79.7,brown,blue
593,Lucine,McCabe,73,Female,Sweden,185.2,75.0,blonde,green
594,Trip,Eallis,78,Male,Tajikistan,165.9,82.2,red,blue
595,Haleigh,Colthard,68,Female,China,172.2,82.5,brown,green
596,Tiphani,Cromblehome,56,Female,Brazil,197.5,82.9,blonde,brown
597,Jacklyn,Pergens,55,Female,Niger,168.4,71.8,brown,green
598,Adham,Fere,82,Male,Colombia,177.2,65.7,blonde,green
599,Isadora,Sedgeworth,27,Female,Brazil,183.5,57.7,brown,green
600,Randolph,Wingatt,20,Male,China,172.1,70.4,black,brown
601,Markos,Laetham,27,Male,China,196.8,84.4,blonde,green
602,Tabbi,Brimson,30,Female,China,152.7,56.2,black,brown
603,Damien,Bedberry,69,Male,Albania,150.2,83.8,brown,green
604,Jacenta,Knewstubb,77,Female,Netherlands,183.2,61.6,brown,green
605,Jerri,Bentinck,72,Non-binary,Philippines,175.9,73.4,black,blue
606,Ardra,Sapwell,45,Female,Philippines,166.7,51.6,red,green
607,Royce,Vase,54,Male,Serbia,173.1,85.4,red,green
608,Joete,Pamphilon,79,Female,Philippines,155.5,79.5,red,brown
609,Tonia,Reasun,58,Genderfluid,Indonesia,199.0,53.7,blonde,blue
610,Lora,Euesden,62,Female,Philippines,183.5,50.6,red,blue
611,Mayor,Ollcott,68,Male,Colombia,171.0,64.0,brown,blue
612,Anatollo,Clackers,81,Male,Finland,162.5,85.6,brown,green
613,Wallie,Bonehill,19,Female,Norway,168.3,79.1,black,brown
614,Maximo,Jime,57,Male,Philippines,182.7,92.8,red,blue
615,Swen,Goodwell,29,Male,China,193.4,72.9,red,blue
616,Jillana,Ferrarello,78,Female,Indonesia,189.2,81.6,red,green
617,Kin,Collicott,39,Male,China,183.3,94.6,blonde,brown
618,Welbie,Prisley,66,Male,Chile,187.4,71.2,red,green
619,Emmit,Bahlmann,57,Genderfluid,Philippines,155.0,81.6,red,green
620,Selene,Phant,36,Female,China,182.2,79.7,red,blue
621,Natal,Ranner,27,Male,China,181.1,86.7,brown,blue
622,Garrard,Sogg,73,Male,Botswana,151.6,91.6,blonde,brown
623,Erny,Bessell,29,Male,Portugal,197.7,99.8,red,green
624,Eloise,Stirgess,59,Female,Sweden,171.0,66.7,brown,brown
625,Hamlin,Mc Gorley,49,Male,Malaysia,154.9,69.8,brown,blue
626,Delilah,Pethrick,41,Female,Yemen,187.0,91.2,black,blue
627,Gabbie,Leathes,68,Male,Portugal,170.4,95.6,brown,blue
628,Meg,Jerrard,83,Female,Portugal,160.9,77.4,blonde,green
629,Falito,Hynam,40,Male,Japan,160.4,88.5,brown,brown
630,Cissy,Goult,29,Female,Philippines,192.4,76.2,black,blue
631,Tasia,Tabourin,68,Agender,Indonesia,191.6,96.9,blonde,green
632,Amata,Darbon,34,Female,Belarus,159.4,61.2,red,blue
633,Franklyn,Carne,80,Male,China,183.4,99.4,red,green
634,Cyrill,Plumley,35,Male,Brazil,186.1,78.2,red,brown
635,Hayley,Gallehock,81,Female,Israel,195.0,78.5,brown,green
636,Zacharia,Flaverty,24,Male,Guatemala,176.7,70.3,blonde,blue
637,Lukas,Baszniak,58,Genderqueer,Russia,190.2,76.4,black,blue
638,Brendon,Duetsche,46,Male,China,179.4,73.0,blonde,green
639,Pasquale,Bevens,51,Male,China,177.2,58.4,red,brown
640,Hilde,Nolan,84,Female,Sweden,188.7,69.0,black,green
641,Ingram,Cowton,57,Male,Indonesia,180.8,85.0,blonde,blue
642,Hugh,Attard,55,Non-binary,China,185.7,59.0,blonde,blue
643,Clara,Goodbairn,82,Female,Indonesia,184.2,79.1,brown,brown
644,Patricio,McPhelimey,52,Male,Argentina,164.1,87.7,brown,green
645,Octavius,Eyer,21,Male,Sweden,171.8,76.4,brown,blue
646,Katinka,Scrane,33,Agender,Venezuela,152.4,85.9,red,green
647,Butch,Bettridge,74,Male,Indonesia,161.9,76.2,red,blue
648,Lucie,Faucherand,32,Female,Argentina,184.4,66.8,red,brown
649,Matias,Clemence,53,Male,Indonesia,178.4,65.0,blonde,blue
650,Elroy,Presswell,39,Male,France,195.5,52.2,blonde,blue
651,Aubrey,McColl,59,Agender,Kazakhstan,160.3,52.8,black,brown
652,Royall,Waind,30,Male,Philippines,189.5,76.0,blonde,brown
653,Tabor,Iskowicz,68,Male,France,190.6,94.3,red,green
654,Piotr,Capstaff,52,Male,Malaysia,186.0,91.8,brown,green
655,Gaston,Tappin,72,Male,Ukraine,153.3,54.7,red,blue
656,Coralyn,Agge,22,Female,China,175.6,88.7,brown,green
657,Grantley,Cuttin,28,Male,Philippines,152.3,75.2,black,blue
658,Sayers,Grissett,84,Male,Indonesia,154.5,60.3,black,brown
659,Cacilie,Eatherton,41,Female,Ukraine,178.6,81.8,black,green
660,Roseann,Brough,22,Female,China,153.9,63.5,black,green
661,Ermengarde,Spritt,42,Female,Philippines,194.2,56.3,blonde,blue
662,Junie,Thunnercliffe,67,Female,Sweden,151.9,85.1,blonde,blue
663,Cammi,Dodridge,43,Female,Philippines,188.7,97.6,red,green
664,Blane,Bethell,53,Male,Ukraine,160.0,94.8,red,green
665,Winfred,Keble,68,Male,Pakistan,160.8,61.3,red,blue
666,Merwyn,Ostick,81,Polygender,Argentina,154.9,76.0,brown,green
667,Suzanne,Stairmond,40,Female,Brazil,165.9,81.5,brown,blue
668,Kristel,Irons,27,Female,Philippines,170.8,65.9,blonde,green
669,Stillmann,Sushams,24,Male,Russia,159.9,78.8,red,blue
670,Amii,Dinnage,30,Female,Serbia,150.1,95.1,black,brown
671,Ham,Alesin,43,Male,China,172.0,64.3,black,blue
672,Jere,MacGoun,74,Male,China,170.4,52.5,black,brown
673,Edmon,Shillinglaw,39,Male,China,156.2,79.0,black,blue
674,Freddi,Berryann,49,Female,Indonesia,183.0,90.1,blonde,brown
675,Cahra,Cantu,74,Female,Indonesia,179.2,84.3,black,green
676,Charleen,Ludvigsen,54,Female,China,187.3,76.2,brown,green
677,Desdemona,Cuppleditch,72,Female,Brazil,155.7,65.3,blonde,brown
678,Stan,Elward,77,Male,France,181.1,56.3,black,green
679,Callie,Scholes,65,Female,Philippines,169.2,64.6,red,green
680,Che,Wyllt,77,Male,China,176.5,65.8,blonde,green
681,Kerwin,Lamar,19,Male,Ivory Coast,191.8,100.0,brown,blue
682,Thibaut,Bloxsome,83,Male,China,193.6,51.7,black,brown
683,Enrique,Dinesen,75,Male,Dominican Republic,193.4,94.4,blonde,brown
684,Manolo,Lartice,23,Male,Indonesia,196.4,70.9,brown,blue
685,Farleigh,Attenbrow,80,Male,Indonesia,193.6,75.8,blonde,brown
686,Vale,Pietruszewicz,80,Male,Portugal,185.6,60.2,red,green
687,Thoma,Spilstead,68,Male,Russia,198.8,94.6,brown,green
688,Melina,Cahan,32,Female,Venezuela,181.0,56.4,black,blue
689,Rex,Osgood,70,Male,United States,178.7,80.4,blonde,green
690,Roderich,Weond,38,Male,Finland,169.3,92.6,brown,blue
691,Laughton,Gemelli,36,Male,Sweden,183.6,72.4,black,blue
692,Christophorus,Rannells,59,Male,Philippines,180.3,98.5,red,blue
693,Moina,Mcimmie,60,Female,Poland,175.1,78.0,black,blue
694,Kele,Ebbers,36,Male,France,154.8,51.3,brown,green
695,Chev,Grinov,45,Male,Poland,193.8,82.6,red,blue
696,Ursa,Hacker,39,Female,Peru,156.7,93.9,black,brown
697,Toiboid,Scarff,68,Male,Russia,183.5,95.6,black,green
698,Tatiana,McNutt,24,Female,Ukraine,196.7,97.6,blonde,brown
699,Halsy,Gregor,50,Male,China,195.5,95.3,black,blue
700,Elsy,Foukx,48,Female,Indonesia,183.7,51.7,red,green
701,Garrott,Stribling,50,Male,Russia,162.4,60.2,red,brown
702,Rustie,Mallall,34,Male,Nepal,161.0,77.1,red,green
703,Faulkner,Skermer,41,Male,Indonesia,169.7,99.6,brown,blue
704,Aloisia,Heaker,43,Female,France,164.2,92.0,red,blue
705,Dalt,Medcalfe,42,Male,Kazakhstan,193.2,90.6,red,green
706,Gale,Mark,55,Male,China,186.2,70.8,black,green
707,Tawnya,Hanalan,79,Female,Iraq,199.8,61.7,red,brown
708,Noell,Cardoo,80,Female,Sweden,173.2,70.6,red,green
709,Roddie,Hovel,81,Male,United States,150.1,84.6,blonde,brown
710,Amelie,Fullman,66,Agender,Japan,157.8,56.0,black,brown
711,Clim,Gynni,69,Male,France,194.1,62.7,brown,brown
712,Antonino,Roskell,46,Male,Serbia,178.8,73.1,black,brown
713,Rhianna,Penticoot,24,Bigender,Mauritius,191.8,85.7,red,blue
714,Humphrey,Gepson,36,Male,United States,179.9,93.7,blonde,green
715,Korie,Birnie,25,Female,Brazil,161.6,85.9,black,blue
716,Ambrosius,Hattam,74,Male,Tanzania,199.0,84.7,black,green
717,Albert,Matfin,43,Male,Japan,186.3,62.5,black,green
718,Kenon,Gaul,83,Male,Argentina,198.7,72.1,brown,blue
719,Arte,Tilbrook,25,Male,Indonesia,161.9,95.4,red,brown
720,Hube,Van Merwe,75,Genderqueer,Morocco,169.2,96.6,black,brown
721,Fitz,Martinovsky,61,Male,Sweden,180.4,87.2,red,green
722,Pyotr,Bande,55,Male,China,184.0,57.3,brown,green
723,Archibold,McDowall,78,Male,Ukraine,187.9,82.2,brown,brown
724,Sigismundo,Corrett,62,Male,Thailand,165.2,66.0,black,brown
725,Burk,Gadie,29,Male,Yemen,166.5,93.6,black,blue
726,Vanna,Jenking,47,Female,Brazil,169.0,71.0,blonde,green
727,Corey,Gotling,44,Female,Indonesia,196.4,53.3,brown,blue
728,Cristine,Adamczyk,55,Female,Finland,192.0,71.2,red,brown
729,Cynde,Sargint,23,Female,China,171.5,70.9,brown,brown
730,Ripley,Rossoni,62,Male,Brazil,154.3,92.5,blonde,blue
731,Celia,Boyson,49,Female,Poland,195.0,73.2,brown,green
732,Rora,Howen,82,Female,Peru,182.4,92.3,brown,brown
733,Griffith,Coales,19,Male,Japan,180.5,99.3,blonde,blue
734,Ted,Iori,77,Male,Colombia,195.0,58.9,black,green
735,Donavon,Storror,35,Male,Kazakhstan,197.4,64.9,blonde,brown
736,Stephen,Jarred,21,Male,China,182.8,96.9,blonde,blue
737,Mona,Krug,69,Female,Norway,166.2,63.5,blonde,blue
738,Jocelin,Warman,46,Female,Vietnam,164.8,93.2,black,green
739,Johnath,Hartup,60,Female,United States,161.9,96.0,blonde,brown
740,Gearalt,Stiggles,62,Male,Philippines,150.8,71.8,red,blue
741,Carny,MacCarter,52,Male,Brazil,168.4,76.0,red,blue
742,Nikolia,Haxby,76,Female,Colombia,164.7,57.4,brown,brown
743,Antonia,Mathivon,67,Genderfluid,Argentina,182.1,64.4,brown,blue
744,Fred,O'Siaghail,54,Male,China,187.6,87.3,red,blue
745,Tiphany,Sola,25,Polygender,Serbia,157.2,78.0,red,blue
746,Bartholomeus,Van Halle,52,Male,United States,173.2,50.0,black,green
747,Isacco,Greenstreet,55,Male,Ukraine,187.8,60.4,black,green
748,Kim,Ionesco,62,Non-binary,Tajikistan,185.5,88.5,brown,brown
749,Caz,Bill,60,Male,Sudan,176.9,90.3,brown,green
750,Prudy,Hurler,69,Female,Indonesia,159.5,67.1,black,green
751,Cole,Corben,82,Male,Thailand,189.5,86.3,blonde,blue
752,Zolly,Bigmore,78,Male,Argentina,158.8,80.0,red,green
753,Murdoch,Monshall,52,Polygender,United States,198.9,75.8,blonde,brown
754,Olympie,Jiggens,18,Female,Argentina,157.5,79.1,red,brown
755,Minda,Jindrich,24,Female,Czech Republic,194.0,54.0,black,green
756,Anita,Drees,44,Female,United States,155.5,67.1,red,green
757,Davidde,Simeoni,38,Male,France,160.0,75.9,red,brown
758,Raoul,Skellion,34,Male,Azerbaijan,168.1,89.4,red,brown
759,Flss,Macklam,19,Female,Kazakhstan,152.6,95.1,blonde,green
760,Phoebe,Cruikshank,59,Female,United States,189.3,65.2,brown,brown
761,Valerie,Louys,45,Female,United States,164.4,65.1,red,brown
762,Donnie,Roll,59,Female,China,198.8,73.4,brown,brown
763,Wyatan,Hedaux,84,Male,Russia,192.3,74.0,red,blue
764,Beitris,Eaves,46,Female,China,197.4,71.7,red,green
765,Dorree,Tansley,76,Female,Israel,175.0,98.1,red,green
766,Salome,Sergison,83,Bigender,China,166.5,71.3,blonde,green
767,Stern,Duffield,73,Male,Portugal,170.6,87.7,brown,blue
768,Sargent,Abell,36,Male,China,152.2,51.4,red,green
769,Vergil,Harbor,82,Male,China,197.8,62.3,brown,blue
770,Nanni,Francecione,45,Female,China,160.3,63.1,brown,green
771,Jeanie,McGinney,69,Female,China,165.4,74.5,black,brown
772,Cory,FitzAlan,83,Female,China,181.7,99.3,red,green
773,Johannes,Gambie,58,Male,Malaysia,184.0,51.9,brown,green
774,Esme,Kieff,46,Female,China,169.4,95.6,red,brown
775,Elsie,Papes,68,Female,Japan,167.1,80.1,brown,blue
776,Maje,Brayne,84,Male,Argentina,154.5,74.1,black,green
777,Richie,Nisuis,21,Male,Indonesia,189.6,71.3,blonde,brown
778,Foster,Pescud,41,Male,China,152.7,99.8,brown,blue
779,Mendy,Toulch,42,Male,Argentina,183.7,80.5,black,blue
780,Neysa,Imorts,71,Female,Thailand,183.0,70.0,red,blue
781,Alie,MacDonagh,50,Female,Portugal,196.1,78.5,red,brown
782,Case,Caldecutt,26,Male,Philippines,167.4,60.0,red,brown
783,L;urette,Nutkins,80,Female,Russia,157.1,81.6,black,brown
784,Mitchell,Niece,48,Male,China,151.3,65.0,red,brown
785,Saraann,Smuth,79,Female,Brazil,190.9,52.3,brown,blue
786,Finn,McCorkell,75,Non-binary,Poland,181.3,60.6,black,blue
787,Lolly,Coyte,73,Female,Argentina,199.0,74.8,brown,blue
788,Susie,Glusby,60,Female,China,153.2,57.5,brown,green
789,Conroy,Terrington,36,Male,Indonesia,170.8,79.4,black,brown
790,Brandie,Ullyatt,40,Female,China,171.9,70.1,blonde,blue
791,Jacklin,Earengey,39,Female,Philippines,173.7,78.4,blonde,brown
792,Mikael,Lebrun,32,Polygender,Russia,155.3,52.2,black,blue
793,Emlen,Rowcastle,28,Male,Sweden,183.5,58.2,red,green
794,Justine,Sanz,27,Female,Cuba,180.9,85.7,black,green
795,Clyde,Boyland,35,Male,Thailand,155.5,86.6,brown,brown
796,Issi,Dillestone,34,Female,Cayman Islands,169.9,72.8,blonde,brown
797,Delainey,Fitzsimons,44,Male,Canada,172.0,99.4,blonde,green
798,Dorena,Domingues,67,Female,Philippines,192.8,82.0,brown,brown
799,Guilbert,Flawn,27,Male,Venezuela,190.9,97.3,brown,blue
800,Joyann,Challenger,26,Female,Greece,157.7,80.7,red,blue
801,Sauveur,Denyagin,26,Male,China,162.2,58.0,black,brown
802,Gunner,Barkaway,31,Male,Peru,152.0,97.3,brown,blue
803,Chrisse,Loosmore,38,Male,China,155.3,87.6,red,brown
804,Thorny,Deluca,81,Male,Peru,192.3,99.2,red,blue
805,Tracy,Nudds,40,Male,Slovenia,194.5,82.9,blonde,brown
806,Antonietta,O'Hartagan,19,Female,Thailand,197.1,51.6,black,brown
807,Minda,Starling,26,Female,Brazil,184.3,65.2,brown,brown
808,Roddie,Osborne,22,Polygender,United States,153.1,84.2,brown,brown
809,Bryce,Salkeld,45,Male,China,199.6,89.0,black,brown
810,Alfie,De Cruce,80,Female,Macedonia,171.2,66.7,red,green
811,Eugenie,Sworne,68,Female,China,169.0,51.6,red,green
812,Vivyanne,Hollingshead,20,Female,Portugal,178.2,94.4,red,green
813,Amaleta,Hallgate,24,Female,Poland,178.3,86.0,red,blue
814,Lilian,Shorrock,55,Female,Indonesia,173.9,56.1,brown,brown
815,Caleb,Howerd,46,Male,Kyrgyzstan,157.1,94.8,red,blue
816,Elsworth,Dinsell,78,Male,Finland,171.6,93.1,black,blue
817,Freddi,Doche,64,Female,Philippines,169.5,95.0,black,brown
818,Dasha,Duval,68,Female,Tanzania,197.1,80.1,blonde,blue
819,Clive,Slixby,77,Male,China,172.2,61.8,blonde,blue
820,Babette,Jedraszczyk,28,Genderfluid,China,193.2,55.3,black,green
821,Darrick,Shakeshaft,64,Male,China,189.1,66.9,black,brown
822,Irv,Feedome,44,Male,Indonesia,184.0,50.8,black,brown
823,Jorie,Skain,33,Female,Indonesia,184.0,97.6,blonde,green
824,Andros,Milmore,19,Male,Brazil,188.9,98.9,blonde,brown
825,Flor,Mundell,82,Female,Croatia,181.6,79.3,red,green
826,Bevin,Camillo,41,Male,Czech Republic,191.1,63.8,red,brown
827,Celle,Ashburner,38,Female,Russia,169.0,54.2,black,green
828,Wendel,Broddle,43,Bigender,Kazakhstan,154.0,51.2,black,brown
829,Trstram,Iacovucci,49,Male,China,198.3,50.1,brown,blue
830,Carline,Pudding,40,Female,Mexico,178.8,98.1,black,blue
831,Dre,Letten,23,Female,Ukraine,181.3,84.2,red,blue
832,Rana,Wickendon,21,Female,Portugal,189.0,52.4,red,blue
833,Maje,Jacquet,81,Polygender,Japan,177.8,99.8,red,brown
834,Sue,Brobeck,55,Female,China,153.3,68.1,blonde,blue
835,Roderic,Ingliss,34,Male,Botswana,163.9,86.5,blonde,brown
836,Ursuline,Juschke,20,Female,China,197.2,52.6,brown,brown
837,Barbabra,Perrat,41,Female,China,154.7,89.9,black,blue
838,Florian,Sowley,39,Non-binary,China,196.6,65.8,brown,green
839,Selestina,Riggott,64,Female,Tajikistan,183.8,65.9,blonde,brown
840,Susanne,Hames,26,Female,Philippines,188.1,52.6,red,green
841,Dorise,Dominguez,37,Female,China,151.7,97.4,brown,green
842,Daron,Midgley,32,Female,Hungary,192.6,77.2,red,blue
843,Alfy,Petronis,25,Male,China,177.1,74.3,brown,green
844,Patrick,Jacobs,67,Genderqueer,China,191.2,56.3,blonde,green
845,Giffy,Athelstan,59,Male,Poland,189.9,94.6,red,green
846,Griswold,Pasmore,33,Male,Philippines,165.9,68.5,black,brown
847,Isabelle,Braden,25,Female,Malaysia,158.1,87.2,black,brown
848,Zorana,Antunez,44,Female,Brazil,150.2,57.8,brown,brown
849,Teri,Jaggers,51,Female,Poland,199.4,87.1,black,brown
850,Sherilyn,Nicklin,85,Female,China,160.8,51.5,red,green
851,Melonie,Hawlgarth,79,Female,Indonesia,165.8,77.9,red,green
852,Field,Devigne,24,Male,Brazil,153.0,99.7,black,blue
853,Enriqueta,Salliss,60,Female,China,180.1,60.9,black,blue
854,Linoel,Seargeant,54,Male,Ireland,152.0,70.4,red,green
855,Deidre,Krzysztofiak,74,Female,China,173.4,60.3,red,blue
856,Mariska,Woakes,65,Female,China,187.6,94.4,black,green
857,Tandy,Cundey,49,Female,France,191.8,60.8,black,green
858,Reggi,Meldon,85,Female,Brazil,176.3,71.4,black,green
859,Tasia,Kitley,62,Female,China,193.0,56.8,black,blue
860,Sasha,Heister,74,Male,China,189.1,95.1,black,blue
861,Linea,Awton,75,Female,Colombia,194.9,59.4,red,brown
862,Nikki,Vibert,30,Male,Philippines,169.3,56.3,black,brown
863,Jarrett,Gergely,19,Male,Philippines,153.4,57.5,brown,green
864,Avery,Syphus,63,Male,Canada,163.6,88.2,blonde,green
865,Dorothea,Lifsey,54,Female,Mexico,154.3,59.5,brown,green
866,Culver,Hulburt,40,Male,Somalia,169.3,99.2,blonde,blue
867,Hynda,Bellanger,22,Female,China,179.7,62.8,red,green
868,Erina,Helsby,41,Female,Colombia,161.0,85.4,brown,green
869,Tucker,Danilewicz,35,Male,Russia,178.9,78.7,brown,green
870,Worden,Seamarke,58,Male,Georgia,174.0,74.3,blonde,brown
871,Gunter,Brash,61,Male,Portugal,178.0,78.1,blonde,brown
872,Obie,Bagot,66,Bigender,Indonesia,169.2,58.3,red,green
873,Chrystel,Robardet,61,Female,Germany,192.6,76.2,blonde,brown
874,Sonnie,Comizzoli,82,Male,Indonesia,185.4,65.0,black,green
875,Axe,Trewhitt,31,Male,Indonesia,163.6,70.0,black,green
876,Ashely,Emson,63,Non-binary,China,171.4,53.7,blonde,green
877,Parry,Normavell,26,Male,Brazil,192.8,98.8,blonde,blue
878,Mirabelle,Clash,33,Genderqueer,Russia,181.4,79.9,red,brown
879,Cathy,Jann,54,Female,China,196.9,67.1,brown,green
880,Tiphany,Bardill,61,Female,China,182.6,88.9,blonde,blue
881,Nomi,Tubble,83,Female,Ukraine,174.5,53.0,blonde,blue
882,Boigie,Hankin,26,Male,Madagascar,151.3,71.5,red,brown
883,Charleen,Reedick,52,Female,Russia,192.2,69.6,blonde,blue
884,Karalynn,Rowlett,72,Female,Russia,155.5,63.4,blonde,green
885,Fraser,De Domenico,60,Male,Honduras,158.6,79.9,blonde,blue
886,Stacee,Woodrup,56,Female,Argentina,197.7,99.1,red,brown
887,Amy,Goodley,61,Female,Portugal,198.1,87.6,black,blue
888,Venita,Farland,43,Female,China,153.3,77.6,brown,brown
889,Estel,Simak,31,Female,Thailand,180.6,72.8,black,blue
890,Cristobal,Gockeler,75,Male,Sweden,150.9,57.4,red,green
891,Leigh,Wisedale,32,Male,Uruguay,194.5,70.8,red,blue
892,Jodie,Moreman,72,Male,Panama,199.0,82.5,brown,blue
893,Iosep,Moralee,85,Male,Indonesia,167.0,83.1,blonde,brown
894,Antoine,Whifen,18,Male,Colombia,150.9,79.8,brown,brown
895,Tanya,Vales,69,Female,Ireland,190.1,88.9,black,green
896,Kasper,Rosthorn,79,Non-binary,China,151.9,58.1,brown,blue
897,Claus,Roderick,77,Male,Honduras,192.6,90.4,brown,blue
898,Lorrie,Farndell,62,Male,Indonesia,167.6,59.3,red,brown
899,Simeon,Wims,66,Male,China,190.0,53.9,brown,brown
900,Cyrillus,Newlands,76,Male,Georgia,193.2,76.6,blonde,brown
901,Andrew,Permain,32,Male,China,162.5,99.3,brown,blue
902,Herrick,Gruszka,70,Male,Czech Republic,183.7,65.3,brown,brown
903,Cordie,Rosin,61,Polygender,United Kingdom,180.2,94.1,blonde,blue
904,Chiarra,Itzakson,82,Female,China,179.2,69.6,blonde,brown
905,Truda,Dalwood,52,Female,Japan,183.6,66.5,black,brown
906,Maryanne,Frunks,62,Female,Brazil,164.0,78.6,blonde,blue
907,Saleem,Ashbridge,60,Male,Poland,156.4,64.9,black,brown
908,Antonino,O'Dunneen,78,Agender,China,190.0,68.1,blonde,green
909,Charlene,Robinett,23,Female,Marshall Islands,185.6,88.7,brown,blue
910,Matty,Waller,68,Bigender,United States,189.9,97.3,black,blue
911,Cory,Goldsmith,23,Male,Poland,198.5,97.3,red,green
912,Porter,Rodge,47,Male,United States,175.4,84.6,red,green
913,Aldridge,Deme,26,Male,China,179.9,65.7,red,green
914,Ole,Darque,60,Male,Poland,168.4,94.1,brown,blue
915,Fair,Shambroke,59,Male,Indonesia,164.8,69.3,red,brown
916,Darlene,Bowes,60,Genderfluid,United States,177.4,62.0,blonde,brown
917,Naoma,Menzies,33,Female,China,187.5,73.4,blonde,blue
918,Bondon,Barczynski,47,Male,Sweden,173.8,72.5,black,blue
919,Gabie,Wanderschek,56,Male,Bulgaria,189.5,94.6,blonde,blue
920,Errol,Salway,50,Male,Cuba,171.1,89.8,black,brown
921,Petronia,Dewfall,81,Female,Ukraine,158.9,75.7,blonde,green
922,Jason,Ebbutt,57,Agender,Indonesia,181.8,88.4,red,blue
923,Bert,Colthard,42,Female,Canada,187.4,67.4,blonde,brown
924,Penni,Spinola,60,Female,United States,172.3,83.7,blonde,blue
925,Kylie,Wilcocks,23,Female,China,161.8,69.0,black,brown
926,Barret,Pollastro,77,Male,Finland,158.1,78.2,black,brown
927,Theodora,Kinloch,56,Female,Czech Republic,171.4,62.4,blonde,brown
928,Emery,Stocks,77,Male,China,171.9,64.1,blonde,green
929,Reuben,Bellam,61,Male,Portugal,178.7,50.3,black,green
930,Blair,Flooks,24,Female,Mongolia,187.6,73.3,red,blue
931,Vallie,Ojeda,19,Female,China,159.5,70.8,brown,green
932,Aluin,Nuzzti,79,Genderqueer,Philippines,171.9,75.6,brown,green
933,Natty,Gaveltone,76,Female,Indonesia,187.3,95.5,red,brown
934,Caroljean,MacCurlye,78,Female,Belarus,153.6,72.5,brown,green
935,George,Greschke,56,Non-binary,Togo,171.6,86.6,black,blue
936,Charil,Speenden,70,Female,Czech Republic,196.9,76.6,red,blue
937,Elwood,Ferriby,25,Male,Nicaragua,186.6,55.0,blonde,brown
938,Thekla,Tapp,40,Female,Sweden,177.0,63.1,red,blue
939,Hetty,Davidy,79,Female,Ukraine,177.4,51.6,brown,brown
940,Lari,Alsobrook,81,Female,United States,176.7,60.9,blonde,green
941,Danell,Sang,79,Female,Russia,175.9,95.6,black,green
942,Penelope,Blackleech,51,Female,Russia,152.0,76.6,red,blue
943,Koressa,Gommery,76,Female,Sweden,186.3,66.7,brown,blue
944,Ernesto,Pawlik,74,Polygender,Spain,154.9,51.0,black,green
945,Ortensia,Paye,72,Female,United States,197.2,68.2,brown,blue
946,Mathian,Robertsen,41,Male,Nigeria,150.1,79.1,red,brown
947,Ninon,Brewett,71,Genderfluid,France,184.1,53.3,brown,brown
948,Hagan,Dyet,81,Male,Cameroon,167.6,92.8,red,brown
949,Jaye,Coleby,55,Male,Russia,159.3,66.2,red,blue
950,Farrell,Wilson,75,Non-binary,Canada,154.4,56.6,red,brown
951,Louisette,Gilhouley,18,Female,Kosovo,177.2,86.5,blonde,green
952,Lacy,Fullicks,35,Female,United States,171.8,64.3,brown,blue
953,Richie,Seger,36,Male,Russia,166.2,57.6,black,green
954,Margarette,Guerola,75,Female,China,168.5,70.7,red,green
955,Abbye,Grand,69,Female,Portugal,165.6,94.1,red,brown
956,Bridget,Dunlop,73,Female,Japan,150.9,67.9,blonde,brown
957,Cathe,Smallshaw,63,Female,Finland,193.0,70.7,black,green
958,Thekla,Lengthorn,39,Female,France,167.4,58.2,blonde,brown
959,Evin,Steere,34,Male,Bulgaria,156.8,71.5,red,blue
960,Prentiss,Johanning,35,Male,China,163.9,62.6,red,green
961,Trevor,McGrane,64,Male,Russia,174.4,57.4,black,blue
962,Archy,Margrie,19,Male,China,183.7,68.4,blonde,blue
963,Holmes,Hame,80,Male,Brazil,183.7,90.2,black,blue
964,Dorry,Macey,81,Non-binary,Portugal,160.1,74.5,blonde,blue
965,Ewell,Machen,39,Male,Brazil,152.8,71.7,black,brown
966,Barbey,Minchell,44,Female,Lithuania,190.2,68.1,red,blue
967,Anatole,Umpleby,72,Male,Greece,193.3,83.1,brown,brown
968,Brody,Souten,82,Male,Czech Republic,175.4,71.9,blonde,green
969,Glenn,Solland,61,Female,United States,157.6,50.3,black,green
970,Matty,Ranald,57,Male,Albania,168.0,53.4,blonde,green
971,Wandie,Urridge,62,Female,Jamaica,178.3,66.2,brown,green
972,Adiana,Kleinberer,35,Female,China,150.1,69.8,brown,brown
973,Loralee,Kenninghan,29,Female,Tajikistan,183.2,70.7,red,green
974,Charita,Sidle,78,Female,Portugal,171.4,88.8,black,green
975,Hildegarde,Maplethorp,49,Female,China,155.3,51.2,black,brown
976,Joceline,Pear,68,Female,Thailand,194.7,91.5,blonde,brown
977,Jennee,Paskell,53,Bigender,Serbia,160.5,96.4,red,blue
978,Rollo,Heynen,48,Male,Pakistan,195.2,54.5,black,green
979,Lavina,Capes,59,Female,Egypt,169.1,80.4,blonde,brown
980,Rhodie,Spofforth,51,Female,Japan,151.2,52.7,red,green
981,Caty,Chaffen,23,Female,Indonesia,154.4,95.4,brown,brown
982,Brit,Quilleash,34,Bigender,Philippines,186.7,63.2,black,blue
983,Holly,Tooke,23,Male,Ukraine,167.1,53.4,blonde,brown
984,Selia,Polland,25,Agender,Russia,151.7,71.8,blonde,green
985,Chevy,Gribbins,31,Male,Brazil,199.6,96.3,brown,brown
986,Winfred,Tudge,83,Male,United States,185.0,68.6,red,blue
987,Nevins,Piele,60,Male,Ireland,199.7,76.0,brown,green
988,Keriann,Skocroft,27,Female,China,192.1,54.9,black,brown
989,Micky,Craddock,71,Non-binary,Czech Republic,180.2,52.1,red,blue
990,Caleb,Blint,31,Male,Liechtenstein,199.2,57.4,red,green
991,Shanda,Luberto,71,Female,United States,161.7,55.9,red,brown
992,Broddy,Couche,74,Male,Sweden,172.4,86.7,red,green
993,Jeanie,Finnick,60,Female,South Africa,155.0,82.2,blonde,green
994,Tera,Swoffer,77,Female,Russia,197.2,90.8,blonde,green
995,Edouard,Talby,73,Male,Russia,153.8,53.5,black,blue
996,Bradly,Gildea,53,Male,Maldives,171.7,70.1,brown,brown
997,Devland,Kemmet,46,Genderfluid,Philippines,169.0,97.8,blonde,brown
998,Gibb,Tewkesbury,58,Polygender,Russia,153.4,71.7,red,blue
999,Thaine,Tiffney,71,Male,Mongolia,176.7,70.1,blonde,green
1000,Matt,Meys,25,Male,Bolivia,175.8,53.5,blonde,green
