title,genres,release_date,rating,director,cast,budget,box_office,duration
Manderlay,Drama,1/19/1991,2.7,Candie Troni,Actor 4,Yuan Renminbi,Naira,1
In the Midst of Life (Au coeur de la vie),Sci-Fi,3/27/1948,6.8,Alphard Doutch,Actor 4,Zloty,Rupiah,212
"Dust of Time, The",Comedy,5/23/1978,4.3,Jerrold Craddy,Actor 1,Rupiah,Denar,99
Cop,Comedy,4/11/1984,8.0,Jephthah Sego,Actor 1,Zloty,Rupiah,128
Olympia Part One: Festival of the Nations (Olympia 1. Teil - Fest der Völker),Action,7/13/1932,6.7,Nikki Queyeiro,Actor 3,Koruna,Pula,131
Battle of Britain,Horror,8/4/1911,0.5,Robinette Brocket,Actor 3,Ruble,Baht,219
Radio Days,Action,8/15/1923,8.7,Redford Pursglove,Actor 3,Yuan Renminbi,Euro,245
Vampires Suck,Comedy,9/6/1989,6.1,Ogden Itzik,Actor 3,Yuan Renminbi,Rupiah,158
Lisa Picard is Famous (a.k.a. Famous),Comedy,5/15/1936,6.4,Josi Leschelle,Actor 4,Rupiah,Yuan Renminbi,265
G.B.F.,Drama,2/4/2020,6.2,Bordy Benz,Actor 1,Yuan Renminbi,Yuan Renminbi,238
Pittsburgh,Comedy,9/18/1986,4.5,Lu Avis,Actor 4,Yuan Renminbi,Euro,261
The Magical Legend of the Leprechauns,Action,3/26/1988,10.0,Sherwood Pughsley,Actor 4,Peso,Yuan Renminbi,56
Supercross,Horror,7/1/1987,5.4,Bordy Boncore,Actor 3,Zloty,Real,229
Dead Man's Shoes,Horror,9/1/2005,4.3,Minetta Iddon,Actor 1,Yuan Renminbi,Yuan Renminbi,274
"Scorpion King 2: Rise of a Warrior, The",Sci-Fi,4/15/1924,5.6,Ally MacVagh,Actor 1,Zloty,Rupiah,107
Madame Satã,Action,4/5/1973,5.7,Carol Fyndon,Actor 2,Rupiah,Dong,192
"Study in Choreography for Camera, A",Comedy,4/13/1949,6.9,Tersina Lamperti,Actor 3,Dollar,Krona,42
Camera Obscura,Comedy,1/5/2004,5.2,Hildagard Guilloneau,Actor 3,Hryvnia,Ariary,167
Hudson Hawk,Drama,6/22/1939,1.1,Raleigh Styles,Actor 3,Yuan Renminbi,Peso,118
And Life Goes On (a.k.a. Life and Nothing More) (Zendegi va digar hich),Action,2/10/1917,5.4,Penny Duguid,Actor 2,Yuan Renminbi,Yuan Renminbi,235
Within Limits (Liikkumavara),Action,1/3/1922,8.8,Yehudi Stairs,Actor 4,Rupiah,Naira,76
Futurama: Bender's Big Score,Horror,8/28/1917,5.6,Clifford Gobeaux,Actor 2,Peso,Dollar,141
Motorama,Drama,3/7/1967,8.9,Hi Mc Pake,Actor 5,Bolivar,Baht,39
Time Bandits,Sci-Fi,12/5/1954,1.6,Morgan Rooms,Actor 5,Rupiah,Euro,239
Fool's Gold,Horror,10/18/2015,1.1,Waverly Abdon,Actor 5,Rial,Real,73
Lone Survivor,Drama,12/29/1992,8.5,Isidor Joyce,Actor 5,Real,Yuan Renminbi,221
Thy Womb (Sinapupunan),Sci-Fi,4/25/1969,7.3,Waring Wickens,Actor 1,Peso,Marka,276
"Red Tent, The (Krasnaya palatka)",Action,6/22/1963,0.0,Elysha Hexham,Actor 4,Sol,Peso,147
Psycho,Comedy,8/3/1933,4.6,Thekla Piniur,Actor 2,Rupiah,Rupiah,181
Dear Frankie,Horror,1/17/2017,6.3,Teriann Curdell,Actor 5,Marka,Yuan Renminbi,152
Freebie and the Bean,Sci-Fi,4/20/1931,8.3,Ertha Welford,Actor 4,Euro,Ruble,149
Damien: Omen II,Action,12/11/1916,6.5,Lorna Dymond,Actor 3,Shekel,Dollar,206
"Man from the Future, The (O Homem do Futuro)",Comedy,9/28/2009,8.8,Winifred Pittem,Actor 4,Hryvnia,Yuan Renminbi,248
Milk and Honey,Comedy,10/14/1936,3.9,Leonid Ebbage,Actor 1,Dollar,Peso,284
Bloodsuckers,Horror,10/16/1930,5.1,Arie Korda,Actor 2,Dollar,Lempira,125
Passing Fancy (Dekigokoro),Action,4/18/1926,5.6,Quintin Eccersley,Actor 2,Pound,Peso,81
Marmaduke,Sci-Fi,5/14/1956,3.8,Margy Vanderson,Actor 3,Peso,Yen,26
"Kindred, The",Sci-Fi,4/19/2017,8.9,Kellyann Innocent,Actor 5,Real,Peso,146
"Lebanon, Pa.",Action,4/19/1923,5.8,Desirae Rivalant,Actor 1,Somoni,Krona,41
The Hobbit: The Battle of the Five Armies,Sci-Fi,4/17/1936,2.1,Auguste Hallad,Actor 4,Yuan Renminbi,Krona,62
"Long Day Closes, The",Horror,3/31/1947,5.5,Matthew Gane,Actor 5,Peso,Baht,198
"American Friend, The (Amerikanische Freund, Der)",Comedy,6/28/2010,4.2,Auroora Wormell,Actor 2,Rand,Yuan Renminbi,197
"Children of Huang Shi, The",Action,6/11/1997,3.6,Venita Izaks,Actor 5,Baht,Yuan Renminbi,248
"No Retreat, No Surrender",Action,7/23/2010,3.7,Abra Collihole,Actor 5,Yen,Yuan Renminbi,281
"Leaning Tower, The (Kalteva torni)",Drama,12/24/1921,0.8,Karlik Kalisch,Actor 5,Peso,Rupiah,296
"Law, The (a.k.a. Where the Hot Wind Blows!) (Legge, La)",Sci-Fi,12/7/1994,3.6,Drud Woodruffe,Actor 1,Yuan Renminbi,Gourde,102
Forbidden,Action,1/25/1980,5.7,Dulcinea De Domenico,Actor 1,Krona,Peso,280
Samaritan Girl (Samaria),Drama,5/3/1965,9.4,Anthiathia Faull,Actor 1,Baht,Rupiah,0
Bye Bye Brazil (Bye Bye Brasil),Comedy,5/28/1985,8.0,Theodor Curner,Actor 3,Peso,Yuan Renminbi,236
Ike: Countdown to D-Day,Action,5/12/1909,7.4,Jaye Duxbury,Actor 5,Dong,Yuan Renminbi,168
"Kidnapping of the President, The",Drama,6/16/1934,0.1,Hughie Wheelton,Actor 4,Peso,Sol,194
Vengeance (Fuk sau),Comedy,4/17/1919,7.4,Roderic Bulch,Actor 2,Rand,Euro,73
Whisper of Sin (Nuodemes uzkalbejimas),Drama,1/30/1962,3.8,Lamont Di Carli,Actor 5,Yuan Renminbi,Yuan Renminbi,286
The Hearse,Drama,1/31/1983,9.8,Keene Flipek,Actor 2,Euro,Yuan Renminbi,68
Back to the Future Part II,Drama,7/2/1971,6.8,Alisander People,Actor 4,Yuan Renminbi,Yuan Renminbi,120
Sagebrush Trail,Action,7/22/1970,9.0,Frants Rhodef,Actor 5,Yen,Dollar,157
Candyman 3: Day of the Dead,Sci-Fi,1/8/1935,0.8,Terrie Kinder,Actor 1,Rupee,Peso,67
Screamers: The Hunting,Action,3/9/1987,1.0,Jenifer Barnewille,Actor 3,Yuan Renminbi,Ariary,299
"Bo Burnham: Words, Words, Words",Action,2/19/1941,9.8,Jareb Meneely,Actor 1,Shilling,Real,155
Nothing Like the Holidays,Drama,5/14/2017,1.5,Ryon Guillem,Actor 4,Franc,Dong,151
Cop in Drag,Action,2/22/1973,2.1,Stefania Rosenboim,Actor 4,Rupiah,Real,300
Xtro 3: Watch the Skies,Action,12/27/1904,7.4,Phebe Jimmison,Actor 2,Peso,Yuan Renminbi,70
Frozen,Horror,1/29/1969,4.6,Athene Egginton,Actor 1,Forint,Yuan Renminbi,211
Sweet and Lowdown,Horror,5/7/1943,0.8,Michal Thorbon,Actor 5,Yuan Renminbi,Yuan Renminbi,247
"Misfits, The",Horror,6/24/1982,6.9,Moyna Schwerin,Actor 4,Tugrik,Hryvnia,179
While You Were Sleeping,Drama,5/2/1970,8.5,Emmy Starbeck,Actor 1,Metical,Rupiah,88
Bonjour Monsieur Shlomi (Ha-Kochavim Shel Shlomi),Comedy,3/5/1972,8.5,Carola Gomme,Actor 2,Krona,Yuan Renminbi,235
Race the Sun,Sci-Fi,1/19/1919,0.7,Gilbert Turrell,Actor 4,Ruble,Yuan Renminbi,59
Crime Wave,Comedy,5/15/1954,3.8,Orton De Banke,Actor 5,Dong,Rupiah,193
Underneath,Drama,3/20/2008,8.3,Teresina Greenalf,Actor 1,Euro,Yuan Renminbi,91
Daughter of Dr. Jeckyll,Sci-Fi,12/10/1939,1.0,Frants Di Frisco,Actor 4,Yuan Renminbi,Yuan Renminbi,11
"Chorus, The (Choristes, Les)",Horror,12/23/1935,3.1,Lester Eton,Actor 2,Krone,Yuan Renminbi,176
Father of the Bride,Comedy,4/18/1944,9.3,Raffaello Hardacre,Actor 3,Sol,Rial,256
Going the Distance,Drama,10/7/1932,4.7,Kev Randal,Actor 5,Koruna,Baht,70
Car Bonus (Autobonus),Comedy,9/10/1919,0.1,Dorris Orritt,Actor 3,Real,Rupiah,97
Ghoulies II,Drama,4/16/1948,8.5,Kelcy Matonin,Actor 2,Ruble,Bolivar,25
"Man with the Movie Camera, The (Chelovek s kino-apparatom)",Sci-Fi,1/26/1994,9.1,Farrel McPike,Actor 2,Rupiah,Manat,139
The Heart Machine,Sci-Fi,5/12/2021,3.9,Carmen Dollimore,Actor 2,Dirham,Euro,230
"Crossing, The",Sci-Fi,10/27/1935,4.4,Eba Nellies,Actor 4,Naira,Krone,70
Sabotage,Action,7/25/1909,10.0,Timmy Pettman,Actor 2,Real,Euro,0
"19th Wife, The",Comedy,4/16/1924,6.8,Ari Wych,Actor 5,Rial,Euro,32
Life Is All You Get (Das Leben ist eine Baustelle.),Sci-Fi,4/28/2005,0.9,Karry Giacomazzo,Actor 3,Euro,Ruble,40
Brown's Requiem,Sci-Fi,9/28/1930,2.2,Cathryn Lugton,Actor 1,Real,Sol,1
Dangerous Liaisons,Action,7/14/1999,5.1,Sandra Crack,Actor 5,Dinar,Peso,285
Harlan: In the Shadow of Jew Suess (Harlan - Im Schatten von Jud Süss),Drama,9/6/1901,3.2,Rogerio Caldow,Actor 3,Ruble,Yuan Renminbi,128
"Edison, the Man",Action,7/23/2014,3.3,Tybi Mortel,Actor 3,Ruble,Ruble,5
Mortal Kombat,Drama,10/26/1908,4.0,Ruthanne Dutt,Actor 2,Rupiah,Naira,13
"Love Punch, The",Comedy,7/22/1944,4.1,Wilbur Wathen,Actor 4,Sol,Rupiah,84
Chinese Coffee,Drama,11/3/2022,5.4,Lenore Vinick,Actor 2,Yuan Renminbi,Euro,131
"Man on the Roof, The (Mannen på taket)",Sci-Fi,9/19/1937,7.5,Hollis Ludlam,Actor 1,Peso,Lempira,57
Solar Crisis,Drama,11/8/1935,7.7,Ferdie Snap,Actor 1,Ruble,Lev,113
Good Copy Bad Copy,Action,5/1/1946,6.8,Una Almon,Actor 5,Yuan Renminbi,Krona,243
"Santa Clause 2, The",Action,8/8/1954,4.4,Layney Issac,Actor 5,Franc,Dollar,270
De nieuwe Wildernis,Comedy,3/30/1932,4.9,Hersch Murname,Actor 1,Bolivar,Krone,223
Fanny,Drama,9/13/2006,9.6,Almeria Mannagh,Actor 3,Yuan Renminbi,Franc,287
Wonder Bar,Drama,8/3/2021,8.2,Riva Sifflett,Actor 1,Yuan Renminbi,Peso,248
Something for Everyone,Drama,11/10/2005,6.5,Ivonne O'Hannay,Actor 4,Dollar,Peso,227
"Rescuers, The",Comedy,1/18/2004,9.2,Galen Minichillo,Actor 4,Ruble,Ruble,76
Mamitas,Sci-Fi,8/14/1904,8.7,Banky Gillan,Actor 5,Yuan Renminbi,Rupiah,38
Darling,Comedy,8/8/2008,1.2,Jeanelle Seson,Actor 2,Koruna,Ruble,200
Snowriders,Sci-Fi,1/30/1915,7.4,Aggie Seamen,Actor 2,Yuan Renminbi,Sol,60
Kidnapping Mr. Heineken,Action,8/13/1927,8.1,Clayton Sisneros,Actor 5,Yuan Renminbi,Tenge,116
"Carabineers, The (Carabiniers, Les)",Comedy,7/30/2000,8.6,Pip Reglar,Actor 2,Taka,Lari,25
"Silent Night, Deadly Night III: Better Watch Out!",Horror,12/22/1997,2.1,Rollin Siemens,Actor 3,Peso,Won,190
Downeast,Sci-Fi,12/7/1966,8.7,Bentlee Paffot,Actor 1,Rupiah,Dinar,292
Gun Woman,Comedy,5/14/1932,1.8,Lucius Viggars,Actor 4,Krona,Dollar,260
Reasonable Doubt,Sci-Fi,10/15/1995,5.0,Emmeline Dunbobbin,Actor 2,Peso,Euro,241
Sh! The Octopus,Horror,9/11/1906,4.4,Tate Lympany,Actor 1,Rupiah,Lek,111
"Ten Commandments, The",Horror,5/14/1958,3.7,Ariella Gossan,Actor 2,Sol,Peso,205
Breakout,Action,11/6/1963,4.5,Jorrie Howlett,Actor 4,Rupiah,Dollar,228
Cypher,Action,10/31/1949,6.4,Dinny Yarnold,Actor 4,Yuan Renminbi,Baht,50
Delirium,Drama,1/11/2006,2.8,Alexis Digwood,Actor 4,Ruble,Rupiah,87
Double Indemnity,Comedy,6/21/1981,8.0,Freemon Godlee,Actor 4,Ruble,Krona,66
Broken Wings (Knafayim Shvurot),Action,5/21/1951,2.5,Carola Westlake,Actor 5,Sol,Quetzal,264
Contract Killers,Comedy,9/9/1951,9.8,Tod Franca,Actor 1,Krona,Rupiah,259
Bustin' Down the Door,Comedy,4/9/1999,1.1,Gertrudis Linklet,Actor 3,Rupiah,Baht,62
"Thin Line Between Love and Hate, A",Drama,11/3/1971,1.8,Wilek Pedrazzi,Actor 4,Euro,Euro,101
"Umbrellas of Cherbourg, The (Parapluies de Cherbourg, Les)",Comedy,2/15/1964,9.4,Gabriel Lidgely,Actor 3,Yuan Renminbi,Yuan Renminbi,283
Tower Heist,Action,9/18/1909,0.5,Kristofer Stanlike,Actor 3,Dollar,Peso,297
Gangster No. 1,Comedy,6/6/1951,3.8,Beatrix Deans,Actor 5,Ruble,Rupee,247
In A Day,Horror,11/23/1909,6.1,Carolyn Burles,Actor 2,Yuan Renminbi,Zloty,258
"Spy Next Door, The",Comedy,4/15/1930,3.4,Edyth Sine,Actor 3,Dollar,Rupiah,18
Adult World,Action,4/17/2019,1.4,Jewel Noice,Actor 5,Rupiah,Lempira,199
"Night They Raided Minsky's, The (Night They Invented Striptease, The)",Comedy,1/27/1998,0.5,David Augustus,Actor 4,Peso,Rupiah,205
Down with Love,Drama,10/25/1946,1.3,Hoebart Grieve,Actor 5,Euro,Ruble,268
Race,Action,2/10/1922,4.9,Ruperto Badcock,Actor 2,Yuan Renminbi,Rand,60
WNUF Halloween Special,Drama,12/18/1912,1.2,Fulton Fackrell,Actor 1,Dram,Denar,26
Conserva Acabada,Comedy,5/27/1923,4.9,Julina Harkes,Actor 4,Krone,Ruble,78
American Scary,Sci-Fi,7/10/2009,5.2,Jed Alcock,Actor 1,Yuan Renminbi,Ruble,112
"Mayday at 40,000 Feet!",Sci-Fi,12/17/1923,2.0,Dorita Farnish,Actor 2,Euro,Euro,134
Odd Couple (Bo ming chan dao duo ming qiang) (Eternal Conflict),Drama,10/19/1984,7.9,Thekla Churchward,Actor 1,Yuan Renminbi,Krona,264
Legend of the Black Scorpion (a.k.a. The Banquet) (Ye yan),Sci-Fi,12/24/1975,7.3,Angus Phlippi,Actor 4,Yuan Renminbi,Yuan Renminbi,134
Year of the Dragon,Action,1/13/1987,3.4,Athena Gough,Actor 4,Yuan Renminbi,Ruble,276
Planet of the Apes,Drama,12/14/2017,7.1,Edwin Narup,Actor 4,Yuan Renminbi,Real,161
Missing,Sci-Fi,12/1/1962,2.0,Bartholemy Coo,Actor 5,Ruble,Cedi,105
Shaolin (Xin shao lin si),Action,12/10/1968,6.3,Tiertza Calveley,Actor 1,Peso,Dinar,105
"Last Mountain, The",Comedy,10/15/1983,0.4,Waldo Truder,Actor 4,Yuan Renminbi,Pound,184
Love Affair,Action,12/9/1906,3.6,Merline Kennford,Actor 4,Afghani,Yuan Renminbi,66
Hours,Horror,2/15/1965,9.8,Ewan Noirel,Actor 1,Yuan Renminbi,Euro,74
Class Act,Horror,5/28/2020,9.5,Fernando Freiberg,Actor 4,Shilling,Quetzal,154
"Pink Panther Strikes Again, The",Drama,2/28/1952,1.3,Silvester Loines,Actor 5,Yuan Renminbi,Rupiah,240
Bratz: The Movie,Horror,2/12/1919,0.3,Rand Haffard,Actor 1,Ruble,Yuan Renminbi,116
"Dentist, The",Drama,10/5/2001,4.0,Anneliese Ruslen,Actor 5,Peso,Dollar,260
Harry Potter and the Sorcerer's Stone (a.k.a. Harry Potter and the Philosopher's Stone),Sci-Fi,8/28/1984,8.3,Winnifred Cardozo,Actor 5,Yuan Renminbi,Dollar,111
Four Shades of Brown (Fyra nyanser av brunt),Action,2/8/2009,1.6,Theresita Szymonowicz,Actor 2,Ruble,Peso,3
Easy to Love,Horror,10/29/1953,9.7,Penn Roycroft,Actor 5,Euro,Sol,68
Herr Lehmann,Drama,11/28/2005,6.3,Aile Bumford,Actor 1,Dollar,Real,24
Repo Man,Comedy,8/16/2000,8.1,Jamie Schubart,Actor 1,Pula,Real,289
Dreaming of Joseph Lees,Action,5/29/2018,6.2,Bram Shorthouse,Actor 4,Kyat,Rupiah,158
"Keeping the Promise (Sign of the Beaver, The)",Sci-Fi,8/25/2007,0.8,Dorree Pilsworth,Actor 2,Shekel,Yuan Renminbi,284
A Life in Dirty Movies,Horror,11/30/2008,4.7,Myrna While,Actor 1,Yuan Renminbi,Real,49
White Night Wedding (Brúðguminn),Action,3/21/1940,3.4,Eldon Aronsohn,Actor 1,Euro,Peso,271
What the Day Owes the Night,Action,8/31/2009,4.7,Catha Rupert,Actor 2,Ruble,Yuan Renminbi,50
"Wash, The",Sci-Fi,4/25/1994,0.3,Candie Bingley,Actor 3,Peso,Ruble,264
"Toll of the Sea, The",Sci-Fi,1/31/1964,5.1,Kayla Brasse,Actor 4,Euro,Baht,120
Super 8,Horror,2/9/1945,0.9,Tally Lorrimer,Actor 3,Ariary,Pound,52
Scissere,Sci-Fi,5/3/1961,3.5,Adelice Pedycan,Actor 4,Dinar,Euro,84
Unaccompanied Minors,Drama,3/15/1935,7.7,Aubrie Norsworthy,Actor 2,Dollar,Yuan Renminbi,255
Springtime in a Small Town (Xiao cheng zhi chun),Action,6/13/1937,9.2,Erin Lackie,Actor 1,Kuna,Lari,125
Symphony of the Soil,Horror,11/23/2011,6.7,Isadore Tidgewell,Actor 4,Yuan Renminbi,Yuan Renminbi,20
Nightmare Alley,Horror,6/7/1904,7.8,Casper Mixworthy,Actor 3,Rupiah,Baht,133
Man's Job (Miehen työ),Drama,12/28/1901,6.2,Dorena Smooth,Actor 3,Euro,Som,8
Meantime,Action,5/1/1938,3.4,Jackelyn Moscone,Actor 3,Peso,Peso,148
Bridge to the Sun,Sci-Fi,8/10/1905,4.6,Alberto Doll,Actor 5,Rupiah,Ruble,222
Repulsion,Sci-Fi,3/9/1966,2.3,Helen Mumbray,Actor 2,Euro,Zloty,15
"Chinese Ghost Story II, A (Sien nui yau wan II yan gaan do)",Horror,8/29/1965,1.1,Gabriele Hannond,Actor 5,Krona,Yuan Renminbi,186
10 Items or Less,Horror,6/3/1915,9.3,Torr Belmont,Actor 4,Zloty,Rand,265
Takedown: The DNA of GSP,Comedy,9/7/1999,3.0,Westleigh Kepling,Actor 4,Ringgit,Rupiah,272
Evil Bong,Comedy,6/28/1936,3.6,Giacopo Huckster,Actor 1,Ruble,Ruble,156
Low Life,Comedy,3/25/1986,5.0,Vince Trail,Actor 3,Dollar,Marka,142
Utopia,Drama,6/16/1927,2.1,Luce Keneforde,Actor 4,Yuan Renminbi,Peso,74
"Long Good Friday, The",Drama,10/21/1939,6.0,Adrian Worling,Actor 1,Peso,Peso,86
Out for Justice,Horror,5/25/1982,7.1,Jacquie Hagyard,Actor 5,Rupiah,Peso,287
Dynamite Girl (Dynamiittityttö),Horror,11/26/1993,3.2,Hector Thunderman,Actor 2,Sol,Quetzal,257
White Mane (Crin blanc: Le cheval sauvage),Horror,1/12/2001,4.1,Jerrie Aikin,Actor 2,Dollar,Yen,198
Musicwood,Action,2/17/1912,0.6,Agosto Kubas,Actor 1,Dollar,Real,18
Albatross,Drama,9/20/1949,7.7,Lucian Picot,Actor 5,Rupiah,Yuan Renminbi,60
Evidence ,Drama,9/6/1951,0.2,Mead Yushankin,Actor 1,Real,Euro,109
"Old Lady and the Pigeons, The (La vieille dame et les pigeons)",Comedy,4/1/1937,6.6,Crystal Barthot,Actor 2,Yuan Renminbi,Real,71
G@me,Sci-Fi,3/15/1911,8.4,Wilt Burfitt,Actor 4,Yen,Sol,252
Zatoichi's Flashing Sword (Zatôichi abare tako) (Zatôichi 7),Sci-Fi,6/12/1986,7.8,Krystalle Kale,Actor 1,Ruble,Ruble,1
Collapse,Sci-Fi,2/19/1999,7.3,Chet Scoullar,Actor 3,Rupiah,Rupiah,247
Four Flies on Grey Velvet,Action,10/16/1940,3.4,Waldon Landy,Actor 1,Dinar,Dollar,48
"Keeping the Promise (Sign of the Beaver, The)",Sci-Fi,5/17/1993,0.4,Jimmy Diche,Actor 1,Dollar,Dong,94
Aladdin and the King of Thieves,Horror,10/23/1939,0.6,Dorian Styan,Actor 1,Rupee,Zloty,43
Shadows (Cienie),Horror,2/22/1982,7.1,Carlita Healings,Actor 4,Dollar,Yen,175
"Better Life, A",Sci-Fi,4/26/1963,8.5,Matthieu Brownsword,Actor 2,Zloty,Rupiah,252
They Might Be Giants,Sci-Fi,6/12/1988,8.7,Bradly Sapseed,Actor 2,Peso,Rial,270
Magic,Action,8/25/1978,4.0,Lynne Clissell,Actor 1,Yuan Renminbi,Peso,39
Brother Bear 2,Action,12/30/1942,9.4,Horten McTague,Actor 4,Yen,Dollar,33
Solo ,Action,9/19/1978,1.6,Isidro Kingham,Actor 5,Euro,Peso,126
Eight Legged Freaks,Comedy,10/5/2018,2.6,Annie Dorrell,Actor 5,Naira,Franc,228
Sundown,Action,10/3/1967,3.9,Chancey Trail,Actor 2,Peso,Peso,145
Robot Monster,Action,7/1/1929,9.9,Cleopatra Vidineev,Actor 4,Euro,Krone,11
From Zero to Hero,Sci-Fi,12/24/1984,9.0,Prescott Scopes,Actor 1,Zloty,Peso,214
"Holy Mountain, The (Montaña sagrada, La)",Action,1/14/1934,9.3,Redd Grose,Actor 4,Yuan Renminbi,Ruble,292
Machete Maidens Unleashed!,Action,3/3/2008,2.5,Coletta Greenhouse,Actor 4,Rupiah,Krone,271
My Voyage to Italy (Il mio viaggio in Italia),Action,4/13/1923,3.7,Aloisia MacElharge,Actor 4,Rupiah,Yuan Renminbi,75
"Truth About Emanuel, The",Action,11/13/2012,8.4,Myrtle Fader,Actor 1,Zloty,Yuan Renminbi,6
Topkapi,Sci-Fi,3/2/1961,7.7,Rozella Polye,Actor 4,Euro,Euro,46
Touchback,Action,4/12/1979,3.4,Kilian Raven,Actor 1,Euro,Peso,3
Carrington,Drama,7/6/2008,1.2,Sayres Torritti,Actor 2,Real,Dong,114
Magadheera,Comedy,8/29/1936,5.9,Cookie Corden,Actor 5,Peso,Peso,118
"Thin Red Line, The",Action,12/29/1913,4.8,Edgard Ditty,Actor 4,Euro,Yuan Renminbi,123
Tokyo Chorus (Tôkyô no kôrasu),Comedy,8/7/2016,7.0,Joni Abby,Actor 1,Yuan Renminbi,Ruble,98
The Sea Chase,Sci-Fi,5/21/1932,6.9,Robb Storrah,Actor 5,Ruble,Yuan Renminbi,0
"Long Absence, The (Une aussi longue absence)",Action,1/30/1914,6.9,Winny Mattea,Actor 2,Yuan Renminbi,Sol,171
Withnail & I,Comedy,12/21/1923,2.6,Wang Kenwood,Actor 4,Yuan Renminbi,Rupiah,185
Live Nude Girls Unite!,Action,9/16/2022,6.4,Tessy Tewkesberry,Actor 1,Kwacha,Yuan Renminbi,219
La Morte Rouge,Horror,4/21/1978,4.9,Janith Jessep,Actor 1,Ruble,Franc,62
Machete Kills (Machete 2),Sci-Fi,11/28/1952,8.1,Webb Gavey,Actor 3,Yen,Peso,115
Fiorile,Horror,12/13/1997,3.1,Malcolm Drane,Actor 1,Yuan Renminbi,Gourde,259
Seeking a Friend for the End of the World,Comedy,12/6/2017,6.1,Artus Grombridge,Actor 4,Peso,Dollar,122
Mickey's Twice Upon a Christmas,Sci-Fi,11/2/1924,9.1,Raynard Hentzeler,Actor 1,Metical,Hryvnia,205
Wodehouse In Exile,Comedy,4/29/1934,9.8,Avigdor Bourthouloume,Actor 3,Yuan Renminbi,Yuan Renminbi,77
Last Man Standing,Horror,12/12/1973,5.2,Regina Sockell,Actor 4,Euro,Rupiah,225
Celine: Through the Eyes of the World,Comedy,1/1/1965,7.0,Lyle Mattioli,Actor 3,Rupiah,Sol,2
This Must Be the Place,Action,8/30/1970,6.9,Cindie Peterson,Actor 2,Dinar,Euro,288
Shutter Island,Horror,5/20/2009,7.0,Adora Carren,Actor 2,Rupiah,Koruna,164
Cool Air,Drama,2/12/1943,4.3,Margy Undrell,Actor 1,Hryvnia,Dong,104
Post Tenebras Lux,Horror,9/24/1908,0.8,Isabeau Steward,Actor 3,Naira,Ruble,115
Flesh and the Devil,Comedy,8/1/1901,1.8,Oswell Odlin,Actor 3,Zloty,Zloty,88
Hell's Gate 11:11,Sci-Fi,5/13/2000,4.1,Kelley Crucitti,Actor 3,Krona,Won,263
Izo,Horror,3/25/1953,3.6,Keeley Metts,Actor 1,Rupiah,Euro,230
Man Push Cart,Drama,7/10/1938,3.1,Oren Lanston,Actor 4,Zloty,Yuan Renminbi,256
Warrior,Comedy,10/3/1967,7.2,Mylo Weathey,Actor 4,Rupiah,Rupiah,63
American Movie,Sci-Fi,7/22/1971,2.6,Rodrick Dorken,Actor 2,Yuan Renminbi,Peso,134
Shark in Venice,Sci-Fi,10/24/1910,2.1,Flossi Genn,Actor 3,Rupiah,Yuan Renminbi,281
Lassie,Comedy,7/22/1969,2.0,Tildy Torrese,Actor 5,Dinar,Real,40
Death Watch (La Mort en Direct),Sci-Fi,12/15/2017,1.2,Agace Servis,Actor 1,Tenge,Pound,75
"Howards of Virginia, The",Horror,1/17/1921,9.8,Lemmy Dufty,Actor 5,Euro,Sol,20
"Man with the Golden Gun, The",Action,2/10/1928,3.1,Kalina Gors,Actor 3,Ruble,Shekel,201
Sherlock Holmes: A Game of Shadows,Horror,5/15/1936,2.5,Genovera Tafani,Actor 5,Euro,Peso,288
Hungry for Change,Drama,7/27/1901,3.9,Bobby Ciccerale,Actor 4,Yuan Renminbi,Real,203
Switching Goals,Sci-Fi,6/21/1991,5.4,Ripley Baggallay,Actor 1,Dollar,Yuan Renminbi,228
"Bugs Bunny / Road Runner Movie, The (a.k.a. The Great American Chase)",Horror,1/23/1978,3.1,Verile Courtese,Actor 4,Yuan Renminbi,Ruble,171
"Last Minute, The",Comedy,8/7/1927,1.9,Pollyanna Gorwood,Actor 2,Peso,Peso,235
Lady Be Good,Comedy,12/7/1938,0.6,Oswell Darwood,Actor 2,Euro,Euro,270
Let's Get Lost,Sci-Fi,8/20/2009,6.2,Alphonso Jiggins,Actor 3,Ruble,Yen,164
"Student of Prague, The (a.k.a. Bargain with Satan, A) (Student von Prag, Der)",Drama,11/26/1942,8.8,Cornall Emilien,Actor 1,Real,Naira,198
Plot of Fear,Horror,6/28/2013,3.0,Lyman Toffoletto,Actor 3,Manat,Ruble,243
Hypocrites,Sci-Fi,9/23/1971,5.1,Nataniel Streater,Actor 3,Yuan Renminbi,Zloty,215
Jim Norton: Please Be Offended,Action,9/5/1946,8.4,Andree McGillivray,Actor 1,Lempira,Euro,274
And Now... Ladies and Gentlemen...,Action,4/29/1970,7.4,Rutledge Dobbs,Actor 1,Rupiah,Peso,179
Easy,Drama,8/28/1967,3.4,Ashlie Decort,Actor 1,Peso,Dollar,29
20 Million Miles to Earth,Horror,1/26/1973,0.9,Terrel Madsen,Actor 3,Yuan Renminbi,Yuan Renminbi,42
Manta - Der Film,Drama,7/17/1977,0.7,Lynnette Cuddy,Actor 5,Real,Rupiah,158
Honeydripper,Sci-Fi,7/30/1973,4.9,Fanchon Mathissen,Actor 3,Yen,Zloty,271
Asier ETA biok,Horror,2/9/1919,0.8,Johann Kruszelnicki,Actor 3,Ruble,Yuan Renminbi,55
"Crystal Ball, The",Comedy,4/27/1974,1.3,Bertie Jorcke,Actor 4,Zloty,Dong,152
Terminator 3: Rise of the Machines,Horror,5/15/1926,8.3,Griffin Ashmore,Actor 5,Dollar,Euro,252
Rage in Heaven,Comedy,7/11/1969,3.0,Katti Roggerone,Actor 4,Peso,Yuan Renminbi,57
"Boys in the Band, The",Drama,3/15/1970,3.0,Melina Kas,Actor 4,Euro,Balboa,44
Friday After Next,Action,8/19/1946,7.0,Stanwood Woodrough,Actor 2,Won,Yen,48
Still Crazy,Horror,6/3/1905,4.3,Yves Charon,Actor 3,Euro,Rupiah,75
Real Fiction (Shilje sanghwang),Action,1/15/1978,1.0,Ryon Gavrielly,Actor 3,Peso,Yuan Renminbi,138
"Best Man, The (Testimone dello sposo, Il)",Drama,11/22/1982,1.0,Algernon Kohneke,Actor 4,Rand,Dong,76
"Decline of Western Civilization, The",Horror,9/7/2004,3.1,Glynn Haryngton,Actor 4,Zloty,Peso,219
Shallow Grave,Sci-Fi,8/30/2012,0.6,Noelani Giriardelli,Actor 4,Yuan Renminbi,Yuan Renminbi,193
Family Life,Drama,4/22/1977,9.3,Sterling Keenleyside,Actor 1,Yuan Renminbi,Real,240
"Real Blonde, The",Drama,2/6/1968,0.5,Rod Levin,Actor 5,Euro,Euro,183
"Virgin Suicides, The",Horror,9/30/1909,3.3,Ross Dibson,Actor 5,Lek,Euro,205
"Turn of the Screw, The",Sci-Fi,9/27/1965,9.0,Cyndia Barkley,Actor 1,Rupiah,Euro,142
"Criminal, The (a.k.a. Concrete Jungle)",Comedy,7/29/2002,2.5,Obediah McAlinion,Actor 1,Naira,Franc,32
Aujourd'hui,Action,5/9/1955,0.5,Zuzana Guerin,Actor 1,Real,Yuan Renminbi,29
"Passion of Ayn Rand, The",Horror,6/24/1912,3.4,Tyler Hubbart,Actor 5,Rupiah,Shilling,127
Film ist. 7-12,Horror,7/28/2016,8.4,Katherina Fulstow,Actor 3,Peso,Metical,105
"Iron Lady, The",Comedy,9/25/1988,2.7,Findley Trewin,Actor 3,Pound,Hryvnia,124
Winter Break,Comedy,1/13/1928,6.1,Caritta Cudmore,Actor 1,Yuan Renminbi,Peso,146
"Journey of August King, The",Action,4/15/1946,6.5,Gabey Mashal,Actor 2,Rupiah,Won,113
Act of Violence,Sci-Fi,7/9/1996,4.5,Joli Fayne,Actor 4,Krona,Yuan Renminbi,18
Night at the Museum: Battle of the Smithsonian,Drama,12/15/1979,3.2,Hastings Petry,Actor 1,Real,Euro,88
PressPausePlay,Drama,7/7/1903,4.3,Alistair Neely,Actor 3,Gourde,Euro,291
"Reaping, The",Sci-Fi,7/17/1952,7.5,Sigismund Chomicz,Actor 3,Tenge,Franc,70
Hamburger Hill,Comedy,10/28/1949,0.6,Margret Brockie,Actor 1,Dollar,Dong,267
Blast from the Past,Drama,1/29/2020,9.2,Casey Stollwerck,Actor 4,Kuna,Peso,195
Lupin the 3rd,Drama,11/23/1976,4.1,Natal Dalston,Actor 2,Peso,Krona,138
In Enemy Hands,Comedy,8/23/1981,1.0,Vitoria Allsebrook,Actor 5,Zloty,Peso,56
"Winslow Boy, The",Comedy,9/29/1999,9.4,Waylan Creddon,Actor 2,Koruna,Yen,45
Chernobyl Diaries,Sci-Fi,6/29/1970,7.1,Lynnette Lorente,Actor 1,Rial,Ringgit,231
Not Without My Daughter,Drama,7/23/1943,2.6,Bud Veivers,Actor 3,Euro,Rupee,244
God’s Wedding (As Bodas de Deus),Horror,12/10/1907,4.1,Marie Flemming,Actor 5,Rupiah,Rupiah,78
August Evening,Drama,1/24/1926,2.4,Fionna Windmill,Actor 1,Yuan Renminbi,Naira,96
White Mountains (Belyie gory),Comedy,10/14/1965,0.0,Idalia Crichley,Actor 4,Ruble,Peso,213
"Wipers Times, The",Drama,2/17/1940,6.2,Helen Millea,Actor 5,Lek,Dollar,205
Arthur,Sci-Fi,12/1/1994,0.3,Heidi Gascoyne,Actor 4,Euro,Euro,27
"City of Sadness, A (Bei qing cheng shi)",Drama,12/17/1921,9.5,Den Bartolommeo,Actor 3,Vatu,Real,79
"Missing, The",Horror,6/29/1962,6.2,Polly Ausher,Actor 5,Yuan Renminbi,Hryvnia,159
Peyton Place,Drama,4/12/1941,4.7,Dione Mangeot,Actor 2,Euro,Euro,141
Bhaji on the Beach,Comedy,7/23/1942,5.3,Hilario Heintzsch,Actor 1,Peso,Shilling,132
Alfie,Sci-Fi,8/15/1962,6.2,Muffin Farish,Actor 5,Dollar,Yuan Renminbi,174
Summer Palace (Yihe yuan),Horror,2/2/1952,6.9,Israel Devin,Actor 2,Yuan Renminbi,Peso,47
We All Loved Each Other So Much (C'eravamo tanto amati),Action,5/6/1980,2.9,Georgeanne Massel,Actor 1,Ruble,Dollar,204
Zero Dark Thirty,Drama,5/6/1921,3.3,Patricia Folks,Actor 2,Peso,Yuan Renminbi,179
Hells Angels on Wheels,Drama,12/5/2003,8.1,Kris Bartelli,Actor 3,Rupiah,Shekel,54
Wicked City (Yôjû toshi),Drama,10/9/1932,8.2,Carolyn Jedrzejkiewicz,Actor 2,Peso,Euro,260
Don't Deliver Us from Evil (Mais ne nous délivrez pas du mal),Action,2/21/2007,0.5,Michaelina Hedaux,Actor 5,Euro,Peso,56
"Shrimp on the Barbie, The",Action,8/18/1903,1.5,Jillene Bagge,Actor 3,Euro,Rupiah,101
Picture This,Comedy,1/22/1947,7.4,Cynthea Trouel,Actor 2,Zloty,Koruna,259
Hunk,Horror,12/25/1970,2.8,Maurene Spary,Actor 5,Euro,Dollar,256
"Deal, The",Drama,8/7/2007,3.6,Olimpia Hearst,Actor 2,Ruble,Won,45
5 Broken Cameras,Drama,2/29/1940,6.9,Rockie Jodrellec,Actor 2,Yuan Renminbi,Krona,256
Seal Team Eight: Behind Enemy Lines,Action,1/31/1935,5.4,Agustin Cutsforth,Actor 3,Peso,Yuan Renminbi,268
Sweet Charity,Action,1/7/1943,9.4,Zabrina Otley,Actor 4,Rupiah,Real,145
Panama Hattie,Sci-Fi,1/7/1963,3.6,Forester Alexandrescu,Actor 5,Euro,Dong,186
"Wings of Eagles, The",Sci-Fi,9/5/1960,3.4,Delcina O'Dooghaine,Actor 2,Yuan Renminbi,Peso,34
Stan Helsing,Sci-Fi,5/30/1915,9.7,Briano Mate,Actor 5,Rand,Peso,249
"McCullochs, The",Horror,2/4/1906,0.9,Vivian Mulligan,Actor 5,Afghani,Krona,203
Blood: The Last Vampire,Sci-Fi,7/9/1915,3.6,Martynne July,Actor 5,Peso,Peso,85
"Godfather: Part II, The",Horror,7/17/1930,5.8,Dael Kidsley,Actor 1,Cordoba,Koruna,24
Jim Thorpe -- All-American,Comedy,3/9/2019,1.4,Shurlock Trimble,Actor 2,Ruble,Rupiah,104
Long Live Death (Viva la muerte),Action,11/21/2000,8.9,Putnam Gaythorpe,Actor 4,Dollar,Shilling,37
Dragon Tiger Gate (Lung fu moon),Horror,3/11/2004,0.9,Michele Siggers,Actor 5,Yuan Renminbi,Rupiah,193
Thieves by Law (Ganavim Ba Hok),Drama,5/3/2017,7.4,Maridel Bullivant,Actor 1,Yuan Renminbi,Real,239
The Open Road,Action,7/10/1978,7.3,Aurelea Hincham,Actor 4,Peso,Yuan Renminbi,300
History of the Eagles,Comedy,4/9/1946,4.1,Simona Gateshill,Actor 5,Yen,Euro,18
Frosty the Snowman,Comedy,3/17/1952,8.2,Caryl Jeanet,Actor 1,Ruble,Yuan Renminbi,233
"Story of Temple Drake, The",Action,12/2/1999,2.6,Laural Lankford,Actor 4,Euro,Rand,40
Cleanskin,Action,3/21/1917,6.3,Cara Croster,Actor 5,Peso,Dollar,265
Franz Kafka's a Country Doctor,Sci-Fi,8/10/1951,4.0,Tera Kynsey,Actor 4,Zloty,Kuna,196
Visioneers,Horror,5/31/1983,8.3,Honor O'Dwyer,Actor 3,Kuna,Shilling,193
Message in a Bottle,Horror,11/17/1982,7.4,Flossi Gemnett,Actor 3,Yuan Renminbi,Rupiah,216
Restless Souls (Bag det stille ydre),Horror,11/15/2016,6.0,Timotheus Sydes,Actor 3,Marka,Kyat,35
The Fat Albert Halloween Special,Action,6/22/1991,6.5,Berti Risby,Actor 1,Rupiah,Zloty,173
Zero Degrees of Separation,Sci-Fi,11/11/1915,2.2,Cassy Couvert,Actor 2,Yuan Renminbi,Peso,176
Magic Hunter (Büvös vadász),Horror,2/4/1907,4.9,Averyl Daice,Actor 1,Yuan Renminbi,Ruble,122
The Horribly Slow Murderer with the Extremely Inefficient Weapon,Horror,9/30/1950,5.7,Herb Caroli,Actor 1,Zloty,Euro,40
"Stig-Helmer Story, The",Sci-Fi,9/15/1996,6.0,Cissy Clemont,Actor 3,Euro,Ruble,175
Dreamcatcher,Action,8/4/1989,5.1,Clea Earie,Actor 5,Yuan Renminbi,Euro,288
"Forsaken, The",Sci-Fi,7/29/1984,7.8,Rayna Tallman,Actor 5,Yuan Renminbi,Euro,47
On Top of the Whale (Het dak van de Walvis),Horror,10/6/1917,1.1,Amandie Crouse,Actor 4,Yuan Renminbi,Yuan Renminbi,296
Goldfish Memory,Sci-Fi,5/27/1903,5.0,Maighdiln Perigeaux,Actor 5,Euro,Yuan Renminbi,74
Insurgent,Drama,11/23/2004,8.3,Hayyim Dowglass,Actor 5,Peso,Franc,61
Solstice,Sci-Fi,12/22/1982,5.0,Bree Overstone,Actor 1,Ringgit,Rupiah,145
Miracle on 34th Street,Action,9/3/1967,3.6,Orazio Spincks,Actor 3,Dong,Peso,228
"Strada, La",Comedy,1/7/1912,7.9,Michaella McKyrrelly,Actor 5,Yuan Renminbi,Peso,186
Route Irish,Action,3/27/2020,5.9,Andros Peasey,Actor 4,Euro,Zloty,74
Unfinished Song (Song for Marion),Horror,10/7/1911,5.1,Robers Bellow,Actor 3,Rupee,Koruna,194
Hotte in Paradise (Hotte im Paradies),Action,10/7/1910,4.7,Lindsey Dunnion,Actor 3,Yuan Renminbi,Franc,141
Unraveled,Horror,11/17/1985,9.0,Madella Carneck,Actor 5,Rupiah,Yuan Renminbi,183
Dikkenek,Horror,8/24/1941,9.0,Marietta Crosio,Actor 2,Euro,Hryvnia,219
Westward the Women,Horror,9/10/1954,1.2,Simmonds Sisnett,Actor 4,Ruble,Peso,11
Mr. Brooks,Comedy,4/10/2005,10.0,Cordell Castellini,Actor 1,Peso,Yen,259
"True Meaning of Christmas Specials, The",Action,7/3/1916,3.9,Mortie Delia,Actor 4,Ruble,Zloty,263
Into the Storm,Sci-Fi,1/2/1958,8.2,Zechariah Lavarack,Actor 3,Yuan Renminbi,Rupiah,43
Martín (Hache),Comedy,6/15/2010,6.4,Brew Isack,Actor 1,Yuan Renminbi,Real,40
School Daze,Horror,2/26/1962,9.4,Cinderella Balffye,Actor 4,Won,Euro,126
"Chump at Oxford, A",Drama,3/2/1928,5.8,Mellisent Halmkin,Actor 3,Bolivar,Yuan Renminbi,91
Kate & Leopold,Action,4/1/2022,7.3,Hector Palke,Actor 5,Yuan Renminbi,Rupiah,55
Good Old Daze (Le péril jeune),Drama,11/18/1992,3.7,Beatriz Doust,Actor 4,Euro,Peso,151
Hello Down There,Action,1/9/2007,7.3,Nate Tingey,Actor 4,Yuan Renminbi,Euro,261
This Is Where I Leave You,Action,11/3/1930,6.8,Barton Scandrick,Actor 5,Ruble,Birr,180
Jackass Presents: Bad Grandpa,Action,10/3/1908,6.5,Armstrong Slaymaker,Actor 1,Real,Lempira,297
Mass Appeal,Drama,3/1/1958,2.6,Deane Wintringham,Actor 5,Euro,Yuan Renminbi,43
Deep Rising,Comedy,11/28/1912,9.7,Helga Kenninghan,Actor 5,Real,Yuan Renminbi,272
Desire: The Vampire,Action,8/8/1943,3.2,Donia Sinnocke,Actor 1,Rupiah,Yuan Renminbi,101
"Church, The (Chiesa, La)",Drama,9/28/1967,3.9,Orelee Durnell,Actor 5,Sol,Yuan Renminbi,258
The Final Girl,Horror,4/20/1966,4.6,Hort Drugan,Actor 2,Zloty,Euro,126
Reflections in a Golden Eye,Sci-Fi,10/13/2012,7.4,Ole Thornewill,Actor 3,Euro,Euro,38
Fanny,Sci-Fi,10/3/1954,3.5,Rosamond Mifflin,Actor 1,Dollar,Sol,216
The Rebel,Sci-Fi,3/26/1981,7.8,Sidonnie Pearlman,Actor 3,Euro,Yen,230
Dragon Ball Z: Broly - The Legendary Super Saiyan (Doragon bôru Z 8: Moetsukiro!! Nessen retsusen-chô gekisen),Sci-Fi,1/7/1950,6.9,Juanita Mosley,Actor 1,Dollar,Yuan Renminbi,251
Antibodies (Antikörper),Action,1/14/1922,7.1,Livvyy Showte,Actor 3,Sol,Pound,176
"Man Who Sleeps, The (Un homme qui dort)",Drama,8/28/1985,1.3,Camel Commuzzo,Actor 1,Zloty,Peso,216
Wild Women,Drama,9/23/2002,0.9,Fabe Hully,Actor 3,Peso,Yuan Renminbi,273
Most Likely to Succeed,Sci-Fi,2/3/1974,2.8,Belinda Yarnall,Actor 1,Euro,Rial,84
V2: Dead Angel (Vares 2 - Jäätynyt Enkeli),Sci-Fi,5/16/1951,9.6,Hanan Wint,Actor 4,Yuan Renminbi,Somoni,68
Dark Prince: The True Story of Dracula,Comedy,4/23/1950,2.0,Leeanne Sibthorpe,Actor 1,Krona,Yuan Renminbi,45
The Land Before Time VI: The Secret of Saurus Rock,Drama,9/22/1947,2.7,Kathy Wraith,Actor 5,Ruble,Yuan Renminbi,95
Celeste and Jesse Forever (Celeste & Jesse Forever),Drama,5/4/1981,5.4,Gennie Websdale,Actor 4,Yuan Renminbi,Ruble,143
5 Broken Cameras,Horror,4/17/1936,1.5,Viole Kaplan,Actor 2,Real,Yuan Renminbi,79
Red Hook Summer,Sci-Fi,12/5/1964,1.9,Ardith Paunsford,Actor 4,Euro,Peso,115
Old Gringo,Horror,3/8/2014,7.8,Nannette Bartot,Actor 5,Peso,Zloty,190
Invasion of the Body Snatchers,Sci-Fi,2/1/2017,9.6,Gunter Wodeland,Actor 3,Ruble,Peso,252
Common,Horror,10/31/1903,4.6,Lilian Kliemke,Actor 5,Real,Yuan Renminbi,198
So Fine,Comedy,12/14/1935,6.7,Brandtr Houldcroft,Actor 2,Ruble,Euro,38
Beetle Queen Conquers Tokyo,Sci-Fi,2/16/2010,8.1,Michael Canet,Actor 3,Yuan Renminbi,Euro,89
"Troll in Central Park, A",Action,8/9/1969,8.6,Aksel Ower,Actor 4,Ruble,Rupiah,144
China O'Brien,Action,3/28/1963,3.9,Lin Eldrid,Actor 1,Dollar,Yuan Renminbi,172
Aelita: The Queen of Mars (Aelita),Horror,1/21/2011,2.9,Shirlee Guild,Actor 2,Peso,Dollar,211
Shaft,Action,1/18/1911,0.3,Rebekkah Tregidga,Actor 4,Dollar,Yuan Renminbi,198
"Mexican, The",Action,12/10/1943,3.8,Randee Giriardelli,Actor 4,Hryvnia,Real,66
"Climax, The",Horror,12/26/2019,4.2,Farly Grubb,Actor 5,Krona,Yuan Renminbi,283
"Trail Beyond, The",Drama,10/4/1963,9.1,Shelley O'Meara,Actor 1,Dollar,Rupiah,124
"Carabineers, The (Carabiniers, Les)",Drama,2/24/1921,8.3,Norrie Hammerberg,Actor 1,Ruble,Dollar,179
Bad Men of Missouri,Comedy,12/18/2000,0.1,Carolin Channing,Actor 2,Kuna,Real,166
Capital (Le capital),Action,3/26/1911,6.7,Conroy Showen,Actor 1,Rupiah,Yuan Renminbi,133
Outbound (Periferic),Sci-Fi,11/8/1950,0.6,Marietta Marzella,Actor 5,Peso,Yuan Renminbi,224
Results,Horror,6/11/1940,0.7,Gaylord Purches,Actor 2,Euro,Zloty,71
Great Expectations,Sci-Fi,6/16/1952,7.8,Colet Neller,Actor 5,Real,Yuan Renminbi,82
Domestic Disturbance,Comedy,12/10/1902,0.8,Minny Garrison,Actor 3,Won,Yuan Renminbi,113
I Saw the Sun (Günesi gördüm),Action,11/27/1938,5.7,Janenna Delouch,Actor 3,Dirham,Yuan Renminbi,7
Hardball,Horror,6/21/1911,8.4,Ardeen Guise,Actor 1,Zloty,Euro,223
Judy Moody and the Not Bummer Summer,Action,6/12/1924,0.6,Jeremiah Gerler,Actor 5,Yuan Renminbi,Yuan Renminbi,180
Experiment Perilous,Drama,4/13/1957,8.8,Pegeen Pattison,Actor 2,Sol,Yuan Renminbi,78
Squeeze,Drama,3/14/1935,0.4,Collette Lazenby,Actor 2,Pound,Peso,35
Gold Diggers of 1933,Horror,3/12/1983,0.3,Tuckie Whiteman,Actor 2,Lev,Ruble,293
Pride of the Marines,Action,12/10/1985,9.6,Georgy Noades,Actor 2,Real,Peso,216
Mongolian Ping-Pong (Lü cao di),Action,3/24/1949,5.0,Berk Whitton,Actor 1,Dong,Euro,27
Claudine,Action,1/12/1952,5.5,Eddie Fautly,Actor 4,Dollar,Koruna,86
Angels and Insects,Action,12/28/1949,3.9,Nari Tilburn,Actor 3,Pound,Pound,35
Teddy Bear (Mis),Action,10/28/1913,9.3,Woodman Gannon,Actor 3,Franc,Yuan Renminbi,160
King Kong vs. Godzilla (Kingukongu tai Gojira),Horror,5/11/1955,4.0,Ann-marie Matz,Actor 5,Franc,Sol,295
Madadayo (a.k.a. Not Yet),Drama,8/28/1929,9.3,Violet Ketteringham,Actor 2,Yuan Renminbi,Rupiah,277
Move (3 Zimmer/Küche/Bad),Drama,4/20/1969,3.8,Timi Rambaut,Actor 4,Rupiah,Euro,108
Whitecoats,Action,5/27/1941,6.6,Ali Ferretti,Actor 3,Yen,Euro,252
Exporting Raymond,Action,10/22/1950,9.1,Dalis Pulfer,Actor 5,Real,Rupiah,175
Nell,Comedy,3/20/1978,6.9,Agnella Kefford,Actor 5,Franc,Yuan Renminbi,192
"Great Caruso, The",Sci-Fi,10/6/1978,8.0,Jacklin Ollander,Actor 3,Euro,Leu,14
The Front,Comedy,12/27/2002,1.0,Francois O'Shields,Actor 4,Dollar,Yuan Renminbi,171
Seven Chances,Action,3/17/1947,2.0,Andris Fetteplace,Actor 1,Rupiah,Tugrik,26
True Believer,Sci-Fi,1/5/1929,0.5,Hertha Chasmar,Actor 1,Yuan Renminbi,Krona,163
"Spanish Earth, The",Sci-Fi,10/14/1929,1.0,Adaline Richmont,Actor 1,Yen,Rupee,186
Lightning Bolt: The Power of Salad,Horror,12/22/1991,4.4,Nancee Gonoude,Actor 5,Baht,Litas,0
"Painting, The (Tableau, Le)",Drama,2/28/1921,9.6,Garrik Portress,Actor 3,Euro,Krona,284
Cherry,Drama,9/25/2014,3.0,Aloysia Phlippsen,Actor 3,Quetzal,Yuan Renminbi,272
"Hunters, The",Sci-Fi,10/3/1961,8.9,Fayth Noen,Actor 3,Euro,Yuan Renminbi,0
"Round Up, The (La Rafle)",Action,8/14/1987,8.8,Jolene Bleckly,Actor 5,Rupiah,Sol,85
"Prince & Me II: The Royal Wedding, The",Action,2/14/1976,6.8,Winne Gally,Actor 2,Yuan Renminbi,Peso,277
Wake of Death,Horror,7/2/2004,7.8,Kristofer Sare,Actor 3,Peso,Yuan Renminbi,30
"Missionary, The",Sci-Fi,10/9/1992,9.6,Fayette Bozier,Actor 5,Bolivar,Peso,233
Happy,Sci-Fi,4/4/1906,2.1,Kariotta Becket,Actor 5,Real,Peso,162
"Island of Dr. Moreau, The",Sci-Fi,2/3/1983,6.4,Jerrome Karys,Actor 1,Rupiah,Won,116
Shivers (They Came from Within),Horror,2/24/1988,8.6,Bartholomeus Tollow,Actor 1,Lev,Yuan Renminbi,140
Rumble in the Bronx (Hont faan kui),Action,9/18/2002,6.2,Hadley Dollen,Actor 2,Ruble,Yuan Renminbi,162
Prom Night,Action,10/27/2000,3.0,Cirilo Antrim,Actor 3,Krone,Naira,265
Pépé le Moko,Action,11/7/1903,0.2,Trenna Sowerbutts,Actor 5,Euro,Rupiah,125
How to Murder Your Wife,Action,12/11/1967,8.8,Maria Reynoldson,Actor 3,Zloty,Zloty,99
Quadrophenia,Horror,5/3/1925,3.5,Benoit Brusle,Actor 2,Rupiah,Peso,171
"Road Warrior, The (Mad Max 2)",Drama,1/7/1961,4.4,Ollie Foxen,Actor 1,Krona,Euro,222
Pig Hunt ,Comedy,12/8/2021,9.6,Carter Cleugh,Actor 4,Euro,Yuan Renminbi,122
Cries and Whispers (Viskningar och rop),Horror,4/30/1939,0.9,Nicolas Pickervance,Actor 2,Euro,Yuan Renminbi,26
Off Beat,Comedy,8/27/1986,6.1,Erena Korpolak,Actor 1,Rupiah,Yen,73
Neil Young Journeys,Drama,1/28/1927,1.0,Kipper Yakubovics,Actor 5,Yen,Dollar,108
Lost Souls,Action,9/4/2007,0.1,Alisha Wilkenson,Actor 2,Cordoba,Tenge,71
Voll Normaaal,Sci-Fi,9/28/1901,2.5,Chadd Bahike,Actor 5,Krona,Dong,230
No Blade of Grass,Action,6/30/1954,2.2,Byrom Crowder,Actor 2,Tugrik,Yen,38
Swamp Shark,Action,9/27/1920,0.7,Devlin Innwood,Actor 2,Yuan Renminbi,Franc,124
Two for the Money,Drama,3/22/1971,1.4,Rip Dufall,Actor 5,Dollar,Euro,173
Harlem Nights,Comedy,12/23/1987,2.7,Brander Dunrige,Actor 3,Yuan Renminbi,Krona,148
Better Than Sex,Comedy,6/7/1931,7.0,Nikos Ronnay,Actor 5,Koruna,Yuan Renminbi,85
"Sandpiper, The",Action,7/11/1914,6.1,Frederique De Fraine,Actor 3,Dollar,Ruble,179
Tower Heist,Horror,11/13/2014,0.4,Barret Augar,Actor 4,Yuan Renminbi,Rial,199
Flirting With Disaster,Drama,1/28/1969,7.9,Blinni Secretan,Actor 2,Euro,Cordoba,56
"Other Dream Team, The",Sci-Fi,3/24/1945,7.6,Andrei Winser,Actor 5,Dinar,Krona,292
Marc Maron: Thinky Pain,Horror,3/13/1959,8.6,Othello Haggarth,Actor 1,Rupiah,Zloty,54
Reign of Fire,Horror,6/26/2002,9.9,Harv Saker,Actor 5,Euro,Yuan Renminbi,143
"Same River Twice, The",Sci-Fi,11/2/1968,8.3,Pat Keig,Actor 5,Hryvnia,Lev,215
No End (Bez konca),Horror,8/6/1909,1.0,Brad Bransden,Actor 3,Zloty,Real,232
"Girl by the Lake, The (La ragazza del lago)",Horror,6/18/1900,7.8,Justina Iacopetti,Actor 3,Rupiah,Peso,192
The Devil Thumbs a Ride,Action,8/8/1919,6.0,Peirce Crickmer,Actor 1,Peso,Rupiah,179
Arguing the World,Action,2/18/2007,3.9,Erick Josef,Actor 1,Real,Rupiah,196
"Wooden Bridge, The",Sci-Fi,6/26/2004,9.9,Evania Sellar,Actor 5,Yuan Renminbi,Euro,215
Alabama's Ghost,Sci-Fi,10/15/1950,2.2,Beverlie Grinnikov,Actor 4,Ringgit,Peso,5
Scratch,Drama,3/3/1987,0.1,Esta Dax,Actor 4,Peso,Sol,69
Dry Summer (Susuz yaz) (Reflections),Sci-Fi,9/1/1958,6.8,Konrad Burgett,Actor 4,Taka,Yuan Renminbi,119
"Oil, the Baby and the Transylvanians, The (Pruncul, petrolul si Ardelenii)",Sci-Fi,10/14/1908,4.6,Kennett Given,Actor 3,Euro,Nakfa,34
Marilyn Hotchkiss' Ballroom Dancing & Charm School,Comedy,5/20/2021,4.1,Howey Yusupov,Actor 2,Yuan Renminbi,Rupiah,57
"Grandview, U.S.A.",Comedy,7/9/1966,1.9,Llewellyn Ryde,Actor 3,Real,Ruble,88
American Vagabond,Horror,7/9/1946,1.5,Almire MacMeekan,Actor 1,Shekel,Dollar,102
Shortbus,Drama,6/5/1962,7.5,Carlie Faithorn,Actor 5,Peso,Rupiah,4
All the Boys Love Mandy Lane,Comedy,2/13/1930,4.2,Fernanda Durrad,Actor 3,Zloty,Dollar,31
"Unidentified Flying Oddball (a.k.a. Spaceman and King Arthur, The) (a.k.a. Spaceman in King Arthur's Court, A)",Horror,4/20/1942,9.1,Isaac Genever,Actor 5,Yuan Renminbi,Euro,116
Beloved (Les bien-aimées),Drama,3/13/1904,1.2,Alvira MacTimpany,Actor 3,Peso,Yuan Renminbi,5
Heaven's Burning,Action,6/17/2013,1.6,Stewart Gerling,Actor 5,Ruble,Shilling,171
Death and Cremation,Comedy,10/17/1948,1.6,Mirilla Danzey,Actor 3,Euro,Real,204
Get Crazy,Drama,12/16/1961,1.4,Camila Gaine of England,Actor 3,Dinar,Dollar,25
Your Friend the Rat,Action,2/13/1959,1.4,Trixy Meininking,Actor 4,Koruna,Dollar,77
New York Confidential,Horror,7/29/1975,7.7,Pet Canniffe,Actor 3,Yuan Renminbi,Yuan Renminbi,125
"King of Ping Pong, The (Ping-pongkingen)",Sci-Fi,1/27/2007,0.1,Jasun Regus,Actor 4,Euro,Peso,64
Filthy Gorgeous: The Bob Guccione Story,Comedy,9/1/1957,1.5,Alric Bechley,Actor 5,Peso,Ruble,154
"Physician, The",Action,3/18/1970,2.2,Daryle Nesbeth,Actor 3,Hryvnia,Peso,68
Moebius Redux: A Life in Pictures,Sci-Fi,5/12/1909,8.1,Hanan Grzesiewicz,Actor 5,Yuan Renminbi,Kuna,170
Five Graves to Cairo,Horror,9/23/1980,8.4,Jackson Laurisch,Actor 4,Yuan Renminbi,Cordoba,44
My Little Pony: Equestria Girls,Action,1/29/1926,0.7,Kilian Cloutt,Actor 5,Krona,Rupiah,257
Dinner with Friends,Sci-Fi,11/3/1948,9.4,Correy Fritzer,Actor 3,Shilling,Yuan Renminbi,97
"Crawling Hand, The",Action,3/23/1915,3.0,Walsh Skentelbury,Actor 4,Euro,Yuan Renminbi,87
You're a Big Boy Now,Comedy,1/13/1922,8.5,Isabelle Oliffe,Actor 3,Real,Euro,174
Crazy on the Outside,Comedy,10/31/1954,0.6,Persis Ledson,Actor 1,Euro,Yuan Renminbi,64
Choose,Horror,12/22/1956,5.8,Tiffany Goodsall,Actor 3,Peso,Euro,232
Hear No Evil,Drama,6/8/1925,4.3,Bertrand Haw,Actor 5,Rupiah,Dollar,56
"Girl, The (Flickan)",Action,6/6/1908,2.8,Chrissie Skirvane,Actor 5,Yuan Renminbi,Euro,96
"Haunted Strangler, The (Grip of the Strangler)",Sci-Fi,5/24/1990,3.1,Evangelia Gaspard,Actor 1,Euro,Yuan Renminbi,201
Ghostbusters II,Action,4/24/1929,9.9,Helaina Bett,Actor 4,Ruble,Peso,136
Castle Freak,Sci-Fi,2/6/1900,7.1,Emlyn Rubertis,Actor 4,Won,Yen,13
Three Guys Named Mike,Drama,9/30/1930,3.6,Marta Rushe,Actor 4,Boliviano,Litas,65
Salvatore Giuliano,Drama,6/7/1903,6.4,Rowena Clitherow,Actor 1,Yuan Renminbi,Yuan Renminbi,269
"Violent Men, The",Sci-Fi,3/7/1943,5.1,Isidore Syphus,Actor 5,Afghani,Peso,185
Tron,Sci-Fi,2/3/1992,0.1,Bianka Imlach,Actor 2,Krona,Yuan Renminbi,49
Tai Chi Master (Twin Warriors) (Tai ji: Zhang San Feng),Action,1/31/1984,3.6,Sarita MacAskie,Actor 4,Cedi,Sol,136
"Rage in Placid Lake, The",Drama,8/18/1972,8.9,Quinton Stoner,Actor 4,Zloty,Peso,288
Coast of Death,Comedy,11/6/2021,1.6,Lorraine O'Hern,Actor 1,Yuan Renminbi,Peso,73
Mr. Sardonicus,Comedy,11/2/1959,4.2,Candide Lehon,Actor 5,Sol,Birr,245
Grand Hotel,Sci-Fi,6/24/1978,2.3,Mitchell Duckhouse,Actor 3,Pound,Taka,147
"Swordsman II (Legend of the Swordsman, The) (Xiao ao jiang hu zhi: Dong Fang Bu Bai)",Action,7/19/1951,4.7,Risa Kaspar,Actor 2,Dollar,Real,161
Jamie Marks Is Dead,Comedy,3/31/2010,8.7,Alexandra Hurdidge,Actor 5,Euro,Peso,230
"Magic Gloves, The (Los guantes mágicos)",Sci-Fi,10/28/2013,6.8,Emmey Dunderdale,Actor 3,Yuan Renminbi,Rupiah,213
Smile,Sci-Fi,6/30/1981,2.8,Melvyn Punton,Actor 1,Rupiah,Ruble,202
Trouble Bound,Horror,2/1/1953,2.3,Jamill Mompesson,Actor 5,Yuan Renminbi,Rupiah,231
Secret Things (Choses secrètes),Horror,12/31/2006,3.8,Mallissa Callan,Actor 1,Rand,Peso,88
Lord of Tears,Comedy,1/7/1963,8.8,Anett Dunbleton,Actor 4,Yuan Renminbi,Euro,227
The Adventures of Tom Thumb & Thumbelina,Horror,11/8/1960,2.8,Bettye Iannetti,Actor 2,Krone,Peso,98
Beauty and the Beast: The Enchanted Christmas,Comedy,6/27/1960,1.7,Pooh Swindell,Actor 1,Rand,Euro,219
Hellraiser: Bloodline,Sci-Fi,2/4/1926,2.8,Georgette Jachimczak,Actor 5,Krone,Yuan Renminbi,228
Fausto,Drama,3/22/2006,9.6,Forster Salzberger,Actor 2,Franc,Rupiah,119
Two Guys Talkin' About Girls,Comedy,3/19/1994,9.6,Jena Charlesworth,Actor 4,Euro,Yuan Renminbi,231
Journey to Italy (Viaggio in Italia) (Voyage to Italy) (Voyage in Italy),Drama,6/18/1966,9.0,Richie Corneljes,Actor 2,Euro,Dollar,79
Facing the Giants,Sci-Fi,1/22/1964,3.7,Anabal Linde,Actor 5,Euro,Koruna,26
Snoopy Come Home,Sci-Fi,11/9/1900,9.0,Tandy Bowsher,Actor 2,Euro,Yuan Renminbi,65
Pahat pojat,Action,10/6/1941,2.9,Reuven Drogan,Actor 3,Yuan Renminbi,Dollar,184
"What's New, Pussycat",Horror,8/15/2007,6.4,Josephine Noddles,Actor 1,Yuan Renminbi,Rupiah,148
I Am Comic,Drama,12/31/1955,5.5,Reinhard McCready,Actor 2,Dollar,Yuan Renminbi,25
Hotel de Love,Horror,7/13/1907,8.0,Lauretta Lownsbrough,Actor 1,Ruble,Euro,219
War of the Worlds,Sci-Fi,12/31/1932,9.8,Ann Vannar,Actor 4,Yuan Renminbi,Rupiah,152
"Missionary, The",Sci-Fi,10/1/2006,9.3,Zedekiah Newbury,Actor 2,Kuna,Peso,17
Diary of a Cannibal,Horror,5/25/1988,9.2,Dore Kohen,Actor 4,Rupiah,Rupiah,181
"Black Swan, The",Drama,2/22/1929,6.7,Everard Demaine,Actor 4,Peso,Peso,286
Trapped in the Closet: Chapters 23-33,Sci-Fi,10/9/2022,9.1,Monte Cicchillo,Actor 4,Dinar,Peso,74
Moneyball,Action,1/24/1937,4.1,Charline Reisenstein,Actor 4,Rupiah,Pound,253
City of Men (Cidade dos Homens),Horror,5/28/1935,1.4,Tiffie Annott,Actor 3,Ruble,Krona,201
I Hope They Serve Beer in Hell,Comedy,4/18/1976,5.3,Sephira Packham,Actor 3,Dollar,Franc,268
Once Upon a Time (Der var engang),Action,5/5/1913,8.6,Wildon Talmadge,Actor 5,Yuan Renminbi,Sol,221
Pick-up Summer (Pinball Summer),Horror,2/20/1994,2.4,Lanny McQuirter,Actor 3,Somoni,Boliviano,280
"Do You Remember Dolly Bell? (Sjecas li se, Dolly Bell)",Action,3/26/1915,5.0,Harli Rostron,Actor 2,Peso,Real,247
Who's Camus Anyway? (Kamyu nante shiranai),Drama,5/24/1999,2.5,Kathryne Vannuccini,Actor 3,Euro,Rupiah,207
Love and Other Troubles,Comedy,6/17/1998,9.1,Malva McDougle,Actor 2,Rupee,Real,171
Boys,Drama,6/7/1932,2.3,Maybelle Stigell,Actor 3,Shekel,Ruble,93
Two for the Road,Comedy,11/9/1999,3.8,Orelie Henbury,Actor 1,Zloty,Yuan Renminbi,97
Ganes,Drama,2/4/1963,2.4,Abramo Hutten,Actor 5,Birr,Zloty,154
Thrust in Me,Sci-Fi,11/20/2010,8.1,Letizia Higgen,Actor 4,Baht,Yuan Renminbi,0
Ghost Son,Comedy,4/24/1985,6.6,Vittoria Mabone,Actor 5,Peso,Kuna,158
Once Upon a Forest,Action,3/13/1980,3.1,Kristopher Sandhill,Actor 4,Dollar,Peso,292
How to Make a Monster,Drama,9/7/1999,2.0,Angelina Lintill,Actor 5,Ruble,Zloty,140
Flow,Comedy,8/28/1991,5.9,Jermaine Sampey,Actor 3,Euro,Real,262
Troop Beverly Hills,Sci-Fi,5/21/2018,6.5,Teddi Gabler,Actor 1,Ruble,Ruble,182
No Man's Land,Horror,1/10/1977,4.1,Ralina Alben,Actor 2,Euro,Shekel,13
Anchorman 2: The Legend Continues,Comedy,5/28/1946,4.7,Corella McTrustram,Actor 3,Bolivar,Lempira,50
"Cabinet of Caligari, The",Action,9/6/2002,5.9,Mortimer Beswick,Actor 5,Rupiah,Yuan Renminbi,15
On the Riviera,Horror,5/26/2008,9.5,Raymund Sneezum,Actor 2,Ruble,Yuan Renminbi,197
Valdez Is Coming,Horror,3/19/2007,3.5,Athene Podbury,Actor 5,Peso,Euro,261
"Room, The",Drama,2/27/1988,6.6,Imelda Delves,Actor 1,Euro,Peso,160
Loser,Horror,3/31/1917,0.3,Siobhan Choppen,Actor 5,Yen,Rupiah,263
Downhill Racer,Horror,1/22/2021,6.8,Shirlee Loynes,Actor 5,Yuan Renminbi,Euro,72
Such Is Life (Así es la vida...),Horror,5/23/2002,3.4,Marcellus Ganiford,Actor 3,Yuan Renminbi,Sol,88
All That Heaven Allows,Comedy,12/11/1996,2.8,Olly Lehrian,Actor 4,Shekel,Yuan Renminbi,194
Sade,Horror,9/27/1990,9.5,Paddie Hekkert,Actor 5,Rupiah,Rupiah,173
Tears of Steel,Sci-Fi,11/10/1980,0.9,Gavra Balden,Actor 1,Peso,Rial,27
Three on a Weekend,Action,12/15/1933,2.8,Rhodie Bewshea,Actor 5,Euro,Euro,10
Passion Play,Sci-Fi,6/25/1940,6.8,Galvan McKall,Actor 3,Yuan Renminbi,Pound,256
Surplus: Terrorized Into Being Consumers,Comedy,1/12/1976,2.7,Vi Klewi,Actor 5,Sol,Rupiah,97
Chandu the Magician,Comedy,9/18/1980,8.4,Nadiya Clausius,Actor 4,Ruble,Yuan Renminbi,31
Heartbreak Hospital,Horror,4/9/1964,7.1,Bucky Derisly,Actor 3,Dollar,Koruna,166
Tales from the Gimli Hospital,Sci-Fi,11/8/1965,2.4,Tiffanie Bruntjen,Actor 4,Lempira,Yuan Renminbi,169
"Django, Kill... If You Live, Shoot! (Se sei vivo spara)",Horror,7/17/1975,5.9,Zoe Klimek,Actor 1,Real,Rupiah,147
Nick Fury: Agent of S.H.I.E.L.D.,Action,3/13/1975,4.1,Jere Maisey,Actor 5,Yuan Renminbi,Baht,247
"Flintstones in Viva Rock Vegas, The",Drama,10/8/1900,9.5,Lisbeth Amorine,Actor 1,Rupiah,Franc,103
Harriet Craig,Action,2/6/1936,7.6,Chlo Kensit,Actor 4,Rupiah,Yuan Renminbi,280
"Lineup, The",Horror,2/9/1987,3.2,Carney Gulleford,Actor 5,Zloty,Rupiah,175
Point Blank,Horror,7/19/1990,7.0,Schuyler Haggus,Actor 5,Zloty,Yuan Renminbi,218
Metallica: Some Kind of Monster,Horror,6/12/1947,3.1,Keeley Raine,Actor 1,Yuan Renminbi,Koruna,7
"Battle of Algiers, The (La battaglia di Algeri)",Horror,1/17/2001,9.5,Otis Tritten,Actor 1,Ruble,Rupiah,199
"Lord of the Rings: The Fellowship of the Ring, The",Horror,6/11/1927,3.5,Hinze Deeming,Actor 4,Hryvnia,Hryvnia,221
On Borrowed Time,Action,11/2/1912,3.4,Aloysius Medgewick,Actor 2,Yuan Renminbi,Dollar,62
Dead Man's Burden,Sci-Fi,2/5/1974,0.1,Fredia Chinnick,Actor 2,Yuan Renminbi,Koruna,298
Legend of the Eight Samurai (Satomi hakken-den),Comedy,1/28/2000,1.2,Karlis Wylder,Actor 3,Yuan Renminbi,Koruna,100
"Roommate, The",Action,9/4/1937,0.5,Deck Shrimpling,Actor 5,Ruble,Zloty,78
Bloody Murder,Horror,3/31/1945,5.8,Bobby Kellard,Actor 3,Rupiah,Yen,300
Dead Souls,Sci-Fi,9/19/1908,1.0,Janeta Iskowicz,Actor 1,Euro,Peso,169
"Cutter, The",Horror,4/30/1984,2.0,Marne Gatsby,Actor 2,Real,Rupiah,31
"Smiling Lieutenant, The",Horror,9/9/2003,7.8,Carine Rapi,Actor 5,Euro,Peso,146
Burlesque,Comedy,6/4/1990,4.6,Aigneis Peat,Actor 4,Peso,Sol,163
The Boys,Horror,9/20/1939,0.7,Maxine Kettlestringes,Actor 4,Peso,Afghani,191
As I Lay Dying,Sci-Fi,8/31/1975,0.3,Micki Vicent,Actor 4,Zloty,Euro,115
Nurse 3D,Action,1/30/1959,1.0,Cornelius Carlick,Actor 1,Sol,Peso,163
Hard to Kill,Comedy,3/2/1965,7.9,Agustin Doulton,Actor 1,Rupiah,Yuan Renminbi,182
"Promotion, The",Action,12/14/1934,2.7,Hermann Soff,Actor 3,Real,Peso,241
"Client List, The",Horror,5/30/1991,5.8,Daphna Foli,Actor 1,Yuan Renminbi,Sol,16
Queen Kelly,Action,5/16/2000,4.4,Polly Maykin,Actor 2,Yuan Renminbi,Yuan Renminbi,222
Chosin ,Horror,2/9/1945,5.0,Abigael Lorens,Actor 3,Real,Dirham,298
Cannery Row,Horror,2/7/1997,0.3,Jean Flindall,Actor 4,Quetzal,Rial,145
"Haunting, The",Drama,2/6/1918,4.5,Gonzalo Kinnar,Actor 1,Yuan Renminbi,Yuan Renminbi,244
Clifford's Really Big Movie,Drama,9/1/2022,0.1,Harlene Peile,Actor 4,Shilling,Marka,218
"Serpent and the Rainbow, The",Action,1/19/1916,1.6,Chery Kettleson,Actor 5,Euro,Ruble,30
Dinosaurs: A Fun Filled Trip Back in Time,Sci-Fi,11/26/1918,2.9,Briant Hirth,Actor 1,Bolivar,Ruble,66
"Shaft, The (a.k.a. Down)",Drama,1/1/1947,9.7,Travus Carbin,Actor 3,Koruna,Lempira,254
Rånarna,Sci-Fi,4/11/1979,3.3,Garret Papes,Actor 4,Krona,Peso,53
"Dalton, Les",Action,7/6/1926,7.0,Arlyne McBrearty,Actor 5,Rial,Yuan Renminbi,10
"Oklahoma Kid, The",Action,3/28/1981,4.0,Garry Lally,Actor 3,Ruble,Koruna,48
City of Ghosts,Horror,4/22/1949,4.2,Vevay Filtness,Actor 4,Yuan Renminbi,Ruble,150
The Infinite Man,Comedy,4/21/1926,4.2,Thedric Gwinn,Actor 4,Euro,Koruna,250
Rollo and the Woods Sprite (Rölli ja metsänhenki),Action,1/20/2008,1.6,Adolphe Millmore,Actor 1,Yuan Renminbi,Yuan Renminbi,9
Murder!,Comedy,3/29/1917,2.0,Tades Bonnier,Actor 4,Ruble,Peso,297
American Pie 2,Comedy,11/9/1945,2.5,Ajay Mulrean,Actor 3,Peso,Ruble,79
Palestine Is Still the Issue,Action,8/26/1934,6.6,Brigg Phythien,Actor 1,Yuan Renminbi,Ringgit,210
Once Upon a Time in Mexico,Action,5/13/1948,9.1,Olive Lugton,Actor 2,Peso,Peso,275
Shame,Action,10/25/2019,8.8,Eartha Benjamin,Actor 3,Yuan Renminbi,Koruna,42
"Sword of Doom, The (Dai-bosatsu tôge)",Horror,1/5/2001,1.6,Carmon Pideon,Actor 3,Yuan Renminbi,Tenge,211
"Earrings of Madame de..., The (Madame de...)",Action,7/19/1965,7.1,Lana Thornborrow,Actor 2,Rand,Peso,214
After School Midnighters (Hôkago middonaitâzu),Horror,12/10/1909,8.0,Elwin Vezey,Actor 1,Rupiah,Peso,109
"Deadly Mantis, The",Action,12/6/1963,8.5,Mindy Keddie,Actor 1,Litas,Yuan Renminbi,258
"3, 2, 1... Frankie Go Boom (Frankie Go Boom)",Horror,5/5/1946,9.5,Bent Hallibone,Actor 4,Hryvnia,Peso,51
Up the Down Staircase,Sci-Fi,5/26/1913,5.2,Seana McCallum,Actor 3,Rupiah,Real,222
No and Me (No et moi),Action,11/6/1907,3.8,Honoria Vest,Actor 3,Real,Ruble,154
"Detective, The (C+ jing taam)",Drama,6/21/1903,0.1,Phaidra Yakovl,Actor 4,Rupiah,Yen,258
Not Suitable for Children,Action,11/30/1972,10.0,Angelle Frosch,Actor 3,Ringgit,Yuan Renminbi,289
Maelström,Horror,3/5/1964,9.1,Keary Verner,Actor 2,Rupiah,Lilangeni,150
Jimmy's Hall,Drama,7/16/1953,4.5,Misha Gimblet,Actor 5,Yuan Renminbi,Taka,69
"House Is Black, The",Sci-Fi,2/25/2000,2.8,Guglielmo Ishchenko,Actor 4,Dong,Krona,81
Shadow Conspiracy,Action,4/15/2006,0.5,Bonnie Ponder,Actor 3,Peso,Krona,124
Even Cowgirls Get the Blues,Action,7/12/1999,8.1,Daune Yorkston,Actor 4,Dram,Baht,27
Deceiver,Sci-Fi,8/31/2019,4.7,Hurlee Elner,Actor 1,Denar,Peso,249
9 Star Hotel (Malon 9 Kochavim),Comedy,10/1/1930,5.4,Dennie Organer,Actor 1,Yuan Renminbi,Dollar,223
Storm Warning,Comedy,5/9/1991,7.5,Esther Sam,Actor 2,Som,Rupiah,293
La Belle équipe,Action,2/22/1908,0.4,Audi Howerd,Actor 3,Peso,Peso,112
"Return of Mod Squad, The",Drama,11/20/1983,9.6,Wini MacKenzie,Actor 5,Yuan Renminbi,Yuan Renminbi,273
Trouble with the Curve,Comedy,1/26/1999,6.6,Kin Orta,Actor 4,Yuan Renminbi,Shilling,195
"Iceman Cometh, The",Drama,5/22/1923,0.8,Nat O'Sheeryne,Actor 2,Peso,Yuan Renminbi,94
Territories ,Sci-Fi,12/4/1981,4.5,Ricki Randerson,Actor 1,Krona,Afghani,243
"Billy Two Hats (Lady and the Outlaw, The)",Sci-Fi,11/20/1946,0.5,Lynnet Phittiplace,Actor 3,Peso,Euro,277
"Mind Reader, The",Comedy,6/15/1920,6.8,Claudelle O'Dowd,Actor 1,Koruna,Yuan Renminbi,270
"Talk of the Town, The",Comedy,7/17/1908,4.0,Corbie Valentine,Actor 1,Zloty,Sol,80
Agata and the Storm (Agata e la tempesta),Comedy,7/29/1908,6.6,Elene Grebner,Actor 5,Franc,Euro,132
Clockers,Action,5/1/1994,7.7,Alasteir Hanwright,Actor 1,Lev,Lempira,18
High School,Comedy,3/19/1944,0.4,Davon Coster,Actor 2,Sol,Hryvnia,270
Chaplin,Comedy,2/26/1994,9.7,Annie Gantzman,Actor 3,Dollar,Ruble,69
White House Down,Horror,7/7/1982,3.9,Jereme Byer,Actor 3,Rupiah,Sol,100
Wisconsin Death Trip,Comedy,12/31/1912,3.0,Chucho MacGiany,Actor 1,Euro,Rupiah,287
"Red Tent, The (Krasnaya palatka)",Action,12/6/2018,1.3,Augustin Meach,Actor 5,Yuan Renminbi,Real,138
Hot Fuzz,Horror,9/29/2021,5.8,Nobe Hanscomb,Actor 5,Dollar,Peso,281
Happily Ever After (Ils se marièrent et eurent beaucoup d'enfants),Sci-Fi,10/8/1997,9.1,Merci Scathard,Actor 1,Yuan Renminbi,Peso,135
Hornets' Nest,Action,9/6/1908,6.0,Mitchael Hanington,Actor 1,Peso,Yen,268
"Spanish Main, The",Drama,8/9/1950,0.7,Dilly Capponeer,Actor 5,Yuan Renminbi,Yuan Renminbi,244
Michael Clayton,Action,2/4/1939,3.6,Oswald Vickarman,Actor 2,Hryvnia,Peso,133
"Lavender Hill Mob, The",Sci-Fi,11/22/2007,2.1,Yetty Moverley,Actor 3,Dollar,Dollar,232
Confessions from a Holiday Camp,Horror,8/30/1903,9.9,Gherardo Osmund,Actor 2,Zloty,Yuan Renminbi,152
Holy Motors,Comedy,2/10/2009,9.7,Chip Flacknoe,Actor 1,Euro,Krone,204
Jungle Book,Drama,2/21/1946,4.9,Ajay Pitford,Actor 3,Rupiah,Taka,286
Young Man with a Horn,Comedy,12/3/1953,2.6,Donn Putley,Actor 4,Yuan Renminbi,Dollar,82
"House I Live In, The",Horror,6/2/2012,5.7,Daffy Fazakerley,Actor 3,Yuan Renminbi,Koruna,170
Murph: The Protector,Sci-Fi,12/2/1973,0.5,Glynis Vigietti,Actor 1,Yuan Renminbi,Yen,184
Max Payne,Drama,6/4/1978,6.9,Murvyn Craine,Actor 4,Shekel,Dollar,298
Why Not Me? (Pourquoi pas moi ?),Sci-Fi,11/7/1901,0.3,Veronika Budnik,Actor 2,Yen,Birr,138
"Cry, the Beloved Country",Drama,9/22/1940,3.5,Auberta Aitkenhead,Actor 2,Yuan Renminbi,Rand,47
Conquest of the Planet of the Apes,Drama,11/9/2019,4.6,Kariotta Fishbourn,Actor 2,Rupiah,Krone,194
Shara (Sharasojyu),Action,7/12/1970,1.8,Erroll Blonden,Actor 4,Yuan Renminbi,Sol,82
Enlighten Up!,Horror,8/11/1921,2.1,Brion Parell,Actor 1,Peso,Krone,274
"Life Before Her Eyes, The",Drama,11/7/1976,9.0,Chaim Ralls,Actor 1,Krona,Yuan Renminbi,268
House of 1000 Corpses,Sci-Fi,7/7/1939,6.1,Margret Johantges,Actor 1,Euro,Yuan Renminbi,172
"Mirror Crack'd, The",Sci-Fi,4/29/1944,4.7,Phillida Kubatsch,Actor 3,Peso,Shilling,8
"Girl in the Park, The",Action,4/14/1970,4.0,Angel Troy,Actor 4,Peso,Rupiah,163
Shaka Zulu: The Citadel,Horror,8/26/1948,4.8,Alexine Agate,Actor 5,Ruble,Euro,1
"Wizard of Oz, The",Horror,6/5/1937,1.6,Steven Cessford,Actor 4,Yuan Renminbi,Yuan Renminbi,272
King & Country,Action,5/24/1912,7.4,Cordie O'Hannen,Actor 3,Ruble,Balboa,209
"Impossible, The (Imposible, Lo)",Comedy,9/22/1931,0.4,Cosette Gerrey,Actor 4,Rupiah,Koruna,82
"Enforcer, The",Action,5/29/2020,0.2,Fran Van Niekerk,Actor 3,Yuan Renminbi,Yuan Renminbi,178
"American in Paris, An",Action,3/30/1960,8.6,Krishna Barnwille,Actor 4,Rupiah,Euro,4
"Old Dark House, The",Comedy,6/16/1929,6.6,Liana Cocher,Actor 1,Peso,Rial,262
Broadway Melody of 1940,Comedy,4/12/1974,2.0,Averill Benardette,Actor 5,Rupiah,Afghani,212
Hearts of the West,Comedy,3/30/1934,7.5,Anissa McCarle,Actor 5,Rupiah,Sol,20
Air Bud: Golden Receiver,Sci-Fi,3/15/1991,1.6,Farlee Sackey,Actor 3,Ruble,Ringgit,20
Dangerous Corner,Comedy,11/12/1996,2.2,Winfield Wrench,Actor 2,Rupiah,Pula,225
"Hand of Peace: Pope Pius XII and the Holocaust, A",Comedy,3/17/1988,9.2,Fredrick Kores,Actor 4,Sol,Yuan Renminbi,202
24 City (Er shi si cheng ji),Horror,8/14/2008,8.8,Sharona Ambler,Actor 5,Dollar,Baht,274
Sunset Strip,Action,5/12/1953,7.6,Ardra Coules,Actor 4,Yuan Renminbi,Euro,71
"7th Voyage of Sinbad, The",Horror,9/29/1957,1.1,Dona Matteotti,Actor 4,Euro,Peso,205
Passion Fish,Horror,2/8/2002,7.4,Filmer Keijser,Actor 2,Rupiah,Zloty,239
Fanny,Sci-Fi,7/27/1965,9.1,Turner Goodale,Actor 1,Yuan Renminbi,Shekel,250
"Competition, The",Action,12/3/1997,2.6,Nettle Dacre,Actor 2,Hryvnia,Yuan Renminbi,64
Imaginary Witness: Hollywood and the Holocaust ,Horror,9/18/1995,1.3,Bibbye Vince,Actor 4,Peso,Euro,270
If I Were King,Sci-Fi,5/3/1930,0.8,Kingsly Voden,Actor 4,Rupiah,Rupee,132
Molly,Action,4/26/1909,8.2,Lexis Rehn,Actor 1,Hryvnia,Rupiah,228
Holy Flying Circus,Action,9/1/1902,6.4,Curtis Hellcat,Actor 2,Kwanza,Euro,278
Invitation to the Dance,Drama,11/8/1954,2.0,Ad Gobel,Actor 4,Rupee,Dinar,252
"Rare Breed, The",Sci-Fi,8/25/1973,8.3,Isiahi Wain,Actor 1,Yuan Renminbi,Euro,229
F/X2 (a.k.a. F/X 2 - The Deadly Art of Illusion),Action,4/21/1965,8.3,Mallissa Birden,Actor 5,Real,Yuan Renminbi,271
Avanti!,Action,4/14/2010,9.9,Nikolaos Trenbay,Actor 2,Ruble,Rial,262
Arch of Triumph,Action,12/22/1907,1.9,Gasper Scoyles,Actor 2,Yuan Renminbi,Sol,172
"Love, Marilyn",Sci-Fi,11/4/2009,0.3,Marijo Van Rembrandt,Actor 2,Zloty,Dinar,247
The Referees,Sci-Fi,12/28/1997,5.6,Tanhya Licas,Actor 3,Afghani,Rupiah,89
Dreamchild,Drama,9/23/1925,4.8,Lynnet Oxterby,Actor 3,Rupiah,Rand,21
Autumn Leaves,Horror,6/17/1934,9.1,Ynez Dradey,Actor 5,Yuan Renminbi,Yuan Renminbi,216
Kamikaze Girls (Shimotsuma monogatari),Comedy,10/19/1948,7.3,Terencio Iggo,Actor 1,Rupiah,Ruble,8
Nothing But Trouble,Comedy,4/2/2009,2.0,Ardelis Stolli,Actor 5,Dollar,Rupiah,285
Ouch (Aïe),Horror,5/14/1911,7.8,Fee Coultard,Actor 2,Euro,Peso,92
Dragon Inn (Sun lung moon hak chan),Sci-Fi,4/5/1916,6.5,Maryjane Friedank,Actor 1,Euro,Baht,207
Kung Fu Hustle (Gong fu),Action,2/19/1900,1.7,Trevor Summerson,Actor 1,Krona,Yuan Renminbi,34
"Guy and a Gal, A (En kille och en tjej)",Horror,9/30/1958,8.0,Brittne Riseam,Actor 1,Ruble,Yuan Renminbi,280
Tepenin Ardi,Drama,5/5/1980,9.8,Maggee Lacasa,Actor 2,Kuna,Dollar,253
"Newest Pledge, The",Sci-Fi,4/30/1965,1.1,Lorianna Pes,Actor 3,Peso,Rupiah,276
Romeo and Juliet,Comedy,6/3/2016,1.1,Nonah Haysom,Actor 2,Euro,Yuan Renminbi,110
16 Years of Alcohol,Comedy,5/11/1982,0.4,Errol Ullyott,Actor 3,Ruble,Yuan Renminbi,139
Kidnapped,Action,9/5/2012,2.3,Mitzi Pedreschi,Actor 5,Euro,Euro,86
Björk at the Royal Opera House,Drama,5/29/2018,0.8,Anastassia Tregensoe,Actor 2,Yuan Renminbi,Dalasi,205
What the Day Owes the Night,Horror,5/5/1922,8.5,Ysabel Conlon,Actor 2,Rupiah,Yen,63
Girl Walk: All Day,Sci-Fi,4/10/1919,6.5,Rena Hegel,Actor 2,Shilling,Birr,113
"Sitter, The",Sci-Fi,11/10/1920,9.0,Chan Twidle,Actor 2,Ruble,Peso,19
Thrashin',Horror,4/23/1961,2.6,Gerhardt Tookill,Actor 2,Shilling,Real,90
Here be Dragons,Horror,10/8/1943,0.4,Willyt McCreath,Actor 1,Euro,Yuan Renminbi,273
Piggy,Comedy,10/13/1932,9.7,Ruperto Jarnell,Actor 5,Ruble,Taka,250
Vollidiot,Comedy,10/5/1921,7.4,Neils Boss,Actor 1,Kwanza,Koruna,78
Primus Hallucino-Genetics Live 2004,Drama,6/4/2013,0.5,Charmion Scholcroft,Actor 5,Rial,Peso,82
"Largo Winch (Heir Apparent: Largo Winch, The)",Drama,9/9/1928,6.3,Del Halloran,Actor 2,Yuan Renminbi,Peso,87
Amazon Women on the Moon,Drama,6/6/2004,0.1,Thoma Ohanessian,Actor 1,Zloty,Ruble,254
Lone Wolf and Cub: Baby Cart in the Land of Demons (Kozure Ôkami: Meifumadô),Sci-Fi,10/15/1966,1.7,Alix Center,Actor 2,Sol,Yuan Renminbi,23
"Impossible, The (Imposible, Lo)",Action,12/20/2002,1.7,Raimund Fowlston,Actor 4,Zloty,Yuan Renminbi,223
Still Mine,Action,7/7/1912,2.9,Charlena Bater,Actor 1,Real,Euro,27
"Hello, Dolly!",Comedy,4/2/1961,8.0,Leonie Gyer,Actor 4,Yuan Renminbi,Yuan Renminbi,75
"Streaks, The (Pregi)",Sci-Fi,10/7/1963,1.6,Dunn Pringle,Actor 5,Yuan Renminbi,Yen,219
Twelve,Action,3/31/1999,9.2,Angel Hewins,Actor 1,Krona,Yuan Renminbi,127
Grotesque (Gurotesuku),Sci-Fi,6/14/1935,6.9,Georgeanne McRamsey,Actor 4,Hryvnia,Peso,250
Tuff Turf,Sci-Fi,9/9/1995,3.8,Sofia Luckham,Actor 2,Zloty,Peso,223
Babyfever,Sci-Fi,1/24/2013,1.9,Aubrey Hamner,Actor 5,Hryvnia,Dollar,299
Happy Times (Xingfu shiguang),Action,4/25/1948,6.6,Demetri Daw,Actor 5,Euro,Yuan Renminbi,217
Second Best,Drama,3/4/1982,7.1,Monroe Arsmith,Actor 3,Rupiah,Dram,160
Mortuary,Comedy,6/9/2011,1.9,Bron Champkin,Actor 2,Rupiah,Zloty,218
On the Waterfront,Sci-Fi,11/25/1922,2.0,Krissie Ramsby,Actor 4,Pound,Peso,170
Guilty by Suspicion,Action,11/17/1914,9.4,Nolie Norsister,Actor 2,Euro,Peso,175
Heartbeeps,Horror,1/28/1956,8.8,Emory Aldrick,Actor 3,Krona,Ringgit,63
"Culture High, The",Action,8/2/1937,3.4,Floris Waddy,Actor 2,Euro,Dong,133
Road to Morocco,Horror,2/27/1992,5.0,Goober Greatex,Actor 5,Lek,Peso,81
About a Boy,Comedy,2/6/2011,4.0,Kimberlyn Wheldon,Actor 2,Euro,Yuan Renminbi,37
Abbott and Costello Meet Captain Kidd,Drama,6/28/1919,8.8,Kayne Boarleyson,Actor 1,Bolivar,Zloty,140
Nocturna Artificialia,Drama,1/16/2022,8.1,Kahlil Siward,Actor 5,Peso,Rupiah,100
Afstiros katallilo,Action,3/15/1904,0.3,Arel Kinsell,Actor 1,Dollar,Rupiah,201
Easter Parade,Comedy,10/3/1934,3.2,Travis Notley,Actor 2,Shilling,Peso,152
"Time to Kill, A",Horror,12/25/1944,9.3,Dianne Freschini,Actor 4,Sol,Yuan Renminbi,202
Abandon,Comedy,12/31/1949,7.0,Melantha Foston,Actor 4,Yuan Renminbi,Dollar,228
Judy Moody and the Not Bummer Summer,Action,11/23/2014,2.8,Chevy Deane,Actor 4,Euro,Won,260
Curse of the Blair Witch,Drama,10/4/1943,8.8,Susie Dresser,Actor 4,Peso,Peso,13
Eastern Plays,Drama,12/2/1924,6.1,Kettie Martensen,Actor 1,Yuan Renminbi,Euro,252
"Juche Idea, The",Comedy,2/25/1973,1.9,Allene Eshelby,Actor 5,Euro,Yuan Renminbi,49
Aashiqui 2,Horror,12/2/1978,8.5,Joshia Sanbrooke,Actor 5,Rupiah,Peso,41
Every Night Dreams (Each Night I Dream) (Yogoto no yume),Drama,7/23/1937,8.7,Seana Hamil,Actor 2,Zloty,Euro,69
Zeus and Roxanne,Action,9/3/1999,3.4,Harlan Linfitt,Actor 3,Dong,Peso,114
Survival Quest,Horror,5/3/1968,6.7,Xenos Windows,Actor 1,Peso,Peso,51
Singh Is Kinng,Comedy,6/6/1981,5.8,Montague Woodroffe,Actor 1,Real,Dinar,206
Kidnap Syndicate,Drama,7/28/1938,3.0,Myles Roo,Actor 3,Yuan Renminbi,Yuan Renminbi,177
"Nightmare on Elm Street, A",Action,2/14/1983,8.9,Courtney Barron,Actor 2,Yuan Renminbi,Rupiah,223
CrissCross,Horror,11/22/1937,1.4,Freddie Sutherley,Actor 4,Yuan Renminbi,Shilling,273
April Fool's Day,Drama,1/3/1980,6.8,Armin Bernardelli,Actor 2,Afghani,Euro,166
Valley Girl,Action,11/28/1933,0.4,Bard Pizzey,Actor 3,Kuna,Yuan Renminbi,220
My Sassy Girl,Horror,6/16/2002,9.9,Ede Maunder,Actor 3,Rupiah,Yuan Renminbi,291
2012,Sci-Fi,4/14/1932,0.5,Reid Dmtrovic,Actor 3,Yuan Renminbi,Real,197
Zookeeper,Sci-Fi,12/16/1990,1.3,Stavro Fretwell,Actor 3,Lev,Real,170
"End of Poverty, The",Action,11/24/2018,2.7,Ruperta Callam,Actor 4,Koruna,Bolivar,43
"Adventures of Ford Fairlane, The",Drama,3/18/1948,0.7,Arlana Labeuil,Actor 1,Peso,Yen,113
"Long Night, The",Drama,5/11/2019,5.7,Scarlet Simonyi,Actor 4,Pa'anga,Ruble,237
Once Were Warriors,Sci-Fi,10/7/1966,3.5,Inness Overall,Actor 4,Peso,Guarani,223
City Hall,Comedy,5/27/1970,8.6,Verne Sparling,Actor 1,Yuan Renminbi,Yuan Renminbi,186
Confidentially Yours (Vivement dimanche!),Action,9/10/1945,8.5,Shea Pobjoy,Actor 3,Yuan Renminbi,Hryvnia,257
Biggles,Comedy,8/21/1999,6.0,Benedetta Esplin,Actor 5,Koruna,Colon,167
Involuntary (De ofrivilliga),Comedy,8/21/1932,4.6,Bernardina Harm,Actor 5,Peso,Peso,106
Absence of Malice,Comedy,5/25/1988,4.6,Nerissa Elfleet,Actor 3,Koruna,Euro,77
Melbourne,Comedy,9/2/1914,7.5,Dimitri Clementson,Actor 4,Lempira,Dong,42
King of Hearts,Sci-Fi,1/10/1995,0.9,Lynea Styche,Actor 1,Dollar,Euro,197
Ninja III: The Domination,Horror,2/28/1927,0.7,Abbey Chapple,Actor 3,Sol,Real,272
"What Happened, Miss Simone?",Comedy,10/23/2021,5.9,Grata Standall,Actor 2,Dong,Euro,233
The Pool Boys,Action,3/22/1979,0.3,Maddy Oldnall,Actor 3,Rupiah,Peso,93
Ray,Sci-Fi,1/30/1958,1.0,Roderick Winter,Actor 4,Sol,Rupiah,114
Incantato (Il cuore altrove),Comedy,6/14/1933,6.9,Manon Tremollet,Actor 1,Yen,Yuan Renminbi,272
Knightriders,Action,10/10/2011,5.2,Eloise Ullyott,Actor 3,Dollar,Ruble,170
Crime Zone,Horror,12/17/1957,9.2,Aluino Gurnay,Actor 5,Euro,Guarani,4
I Want You,Horror,8/20/1989,0.3,Zared Pagan,Actor 1,Peso,Euro,7
Lili Marleen,Sci-Fi,9/11/1974,4.5,Ferris Hedau,Actor 2,Yuan Renminbi,Taka,133
Equinox,Horror,7/30/1917,3.9,Gerrie Antowski,Actor 2,Real,Yuan Renminbi,145
Demon Seed,Drama,4/12/1922,9.1,Leo Westrip,Actor 5,Dollar,Dalasi,190
Hercules,Drama,2/16/1900,9.2,Cindie Mercey,Actor 1,Zloty,Koruna,32
Killer Joe,Sci-Fi,12/3/1991,9.6,Ed Osborn,Actor 1,Dinar,Yuan Renminbi,65
Spine Tingler!  The William Castle Story,Action,3/20/2015,2.0,Gabriello Presnell,Actor 3,Yuan Renminbi,Peso,242
Little Big Soldier (Da bing xiao jiang),Action,6/8/1964,1.3,Emelita Brunn,Actor 4,Som,Quetzal,87
"Positively True Adventures of the Alleged Texas Cheerleader-Murdering Mom, The",Drama,6/1/1904,6.3,Patrick Belton,Actor 1,Rupiah,Peso,126
Smiley's People,Horror,2/27/1967,3.5,Betsy Caulkett,Actor 3,Ruble,Rial,59
Remember the Night,Sci-Fi,9/22/1955,2.5,Pacorro Glandon,Actor 3,Yuan Renminbi,Peso,254
"Revisionaries, The",Action,2/9/1941,9.7,Kasey Satterly,Actor 3,Pula,Dollar,63
"Final Season, The",Horror,1/23/1914,6.7,Vincenz De la Perrelle,Actor 3,Pula,Ruble,158
Surrogates,Comedy,12/12/1968,6.9,Emyle Tipling,Actor 2,Ruble,Euro,53
Fall,Drama,8/14/1999,3.6,Mab Prince,Actor 3,Ruble,Franc,222
Rent-a-Cat,Drama,9/13/2009,6.8,Bethina Matushevich,Actor 4,Yen,Euro,233
Witch Hunt,Sci-Fi,2/9/1913,4.9,Mollie Dyett,Actor 4,Peso,Yuan Renminbi,68
House of Flying Daggers (Shi mian mai fu),Comedy,10/23/2007,4.6,Gallagher Cisland,Actor 1,Yuan Renminbi,Krone,186
51,Horror,7/24/2012,6.0,Melisent Doberer,Actor 2,Rupiah,Baht,184
Film ist a Girl & a Gun,Action,7/3/1982,4.7,Martita Ruller,Actor 5,Rupee,Dram,204
Wittgenstein,Drama,9/5/1992,2.2,Emilee Lawley,Actor 3,Rupiah,Euro,10
Foolproof,Horror,11/26/1900,0.3,Dorrie Feilden,Actor 5,Rupiah,Won,29
Caught Up,Comedy,2/17/1963,2.0,Norman Eary,Actor 1,Euro,Hryvnia,134
"Wind Rises, The (Kaze tachinu)",Comedy,7/3/1949,3.2,Rossy Kendred,Actor 2,Peso,Peso,220
7 Women (a.k.a. Seven Women),Action,9/22/2015,8.0,Krissy Bottjer,Actor 1,Som,Peso,103
Fried Green Tomatoes,Drama,12/28/2017,7.2,Jarrett Blanket,Actor 5,Ringgit,Euro,43
Coupe de Ville,Sci-Fi,6/4/1915,1.9,Dallas Mokes,Actor 3,Dollar,Yuan Renminbi,72
Blind Justice (Hævnens nat),Comedy,3/21/1963,9.2,Cleveland Tennewell,Actor 2,Cordoba,Dirham,25
Shoppen ,Action,5/9/2009,9.4,Ingeberg Grendon,Actor 4,Yuan Renminbi,Ariary,238
It Could Happen to You,Sci-Fi,1/13/1971,0.4,Myrle McQuilty,Actor 1,Yuan Renminbi,Euro,38
Parallel Sons,Horror,12/12/1906,3.6,Isabella Pays,Actor 2,Hryvnia,Peso,82
Screwed in Tallinn (Torsk på Tallinn - En liten film om ensamhet),Sci-Fi,1/16/1942,4.1,Corrie Coaster,Actor 4,Rupiah,Real,275
"Fidanzati, I (Fiances, The)",Sci-Fi,6/19/1982,5.5,Catlee Winsor,Actor 4,Yuan Renminbi,Baht,246
Third Star,Drama,12/10/2017,2.3,Brnaba Fernley,Actor 5,Dollar,Euro,257
"Big City, The (Mahanagar)",Action,5/4/1946,2.5,Lark Eeles,Actor 3,Euro,Zloty,56
Winnie the Pooh and Tigger Too,Action,10/30/1933,0.5,Charissa Cescon,Actor 5,Ringgit,Rupiah,122
Little Buddha,Horror,11/11/1918,6.4,Marilyn Convery,Actor 4,Quetzal,Euro,154
Stone,Comedy,10/18/2020,9.3,Arleen Tolcher,Actor 4,Rupiah,Zloty,99
Nothing Like the Holidays,Horror,4/2/1908,1.4,Salome Lamplough,Actor 1,Yuan Renminbi,Zloty,92
"Nightmare on Elm Street, A",Horror,7/4/1911,5.9,May Mepham,Actor 2,Ruble,Naira,217
Without Lying Down: Frances Marion and the Power of Women in Hollywood,Drama,7/24/1973,7.8,Dunn Stood,Actor 5,Peso,Yuan Renminbi,7
Mine Games,Comedy,12/27/1944,5.2,Levy O'Donohue,Actor 5,Rupiah,Baht,273
Smart Money,Horror,2/16/1974,2.0,Marcile Salliss,Actor 4,Zloty,Yuan Renminbi,281
"Mark of Cain, The",Action,10/16/1945,1.4,Marie Wastall,Actor 1,Dollar,Euro,17
Duel at Diablo,Horror,12/22/1960,7.8,Lombard Killelay,Actor 2,Shekel,Yuan Renminbi,126
Shooting Gallery,Drama,4/23/1970,6.2,Iago Warsop,Actor 3,Yuan Renminbi,Koruna,156
"Event, The",Drama,10/4/1946,4.1,Rosemary Holt,Actor 4,Naira,Dollar,121
Easy Money (Snabba Cash),Comedy,8/26/1925,8.8,Miranda Flear,Actor 2,Peso,Real,2
Premonition,Sci-Fi,7/13/1943,4.0,Paola Brotherheed,Actor 5,Euro,Euro,69
"Cousins, The (Cousins, Les)",Horror,5/11/1968,1.7,Corri Stark,Actor 2,Yuan Renminbi,Real,31
Lured,Sci-Fi,3/20/2019,5.3,Rebekah Winks,Actor 1,Tala,Tugrik,97
"Pornographer, The (Le pornographe)",Sci-Fi,11/2/1922,1.4,Gerri Spoole,Actor 4,Rupiah,Lempira,165
Barbarosa,Action,2/18/2005,8.6,Clint Mole,Actor 5,Koruna,Shilling,30
"Mist, The",Sci-Fi,5/1/1944,3.4,Hetti Behnke,Actor 4,Dollar,Rupiah,236
Mail Order Bride,Drama,2/24/1941,6.5,Flin Kienlein,Actor 5,Yuan Renminbi,Koruna,91
"Jane Austen Book Club, The",Comedy,3/5/1988,5.2,Guido Dinis,Actor 1,Boliviano,Yuan Renminbi,297
"Lost Boys, The",Comedy,4/3/1963,7.8,Lars Landrieu,Actor 4,Naira,Euro,56
"Mysterious X, The (Sealed Orders) (Det hemmelighedsfulde X)",Comedy,2/9/1990,5.7,Sallyann Widmoor,Actor 4,Rupiah,Yuan Renminbi,94
Buddy,Comedy,7/25/1918,4.8,Rosalinde Mancell,Actor 4,Yuan Renminbi,Rupee,210
Love Exposure (Ai No Mukidashi),Drama,3/2/1924,4.7,Tedman Habbema,Actor 5,Zloty,Rupiah,20
"Puerta de Hierro, el exilio de Perón",Comedy,7/1/1957,1.2,Harmon Butlin,Actor 2,Rupiah,Sol,57
Company,Horror,7/3/1988,1.6,Davita Brum,Actor 2,Peso,Yuan Renminbi,115
"Standing Aside, Watching",Drama,6/1/2017,0.3,Camille Caley,Actor 5,Rupiah,Krona,90
"Walk in the Clouds, A",Horror,12/12/1928,3.7,Elane Lyddiard,Actor 1,Real,Real,70
Halloween III: Season of the Witch,Action,12/12/1987,9.1,Erin Baptiste,Actor 5,Zloty,Peso,33
Ocean Heaven ,Action,3/17/1972,5.6,Esta Fillimore,Actor 1,Boliviano,Marka,192
"Atlantis, the Lost Continent",Drama,2/19/1968,9.2,Fairlie Gludor,Actor 1,Euro,Yuan Renminbi,98
Macbeth,Comedy,9/28/1972,3.9,Charis Burn,Actor 1,Ruble,Bolivar,262
"Red Badge of Courage, The",Sci-Fi,4/18/1969,1.1,Loise Dudenie,Actor 5,Yen,Zloty,291
Hear No Evil,Drama,5/12/1966,3.9,Fletch McCallam,Actor 4,Yuan Renminbi,Dong,44
Galaxy of Terror (Quest),Horror,3/30/2015,2.1,Rosana Goatman,Actor 5,Yuan Renminbi,Zloty,78
"Talk of the Town, The",Sci-Fi,6/4/1915,4.1,Babs Philippon,Actor 4,Rupiah,Krona,264
Envy (Kiskanmak),Action,7/31/1945,2.2,Janenna Eliaz,Actor 5,Rupee,Yuan Renminbi,152
Spider Lilies (Ci qing),Sci-Fi,6/26/1937,8.0,Guglielmo Jedraszek,Actor 2,Peso,Rupiah,284
"Story of Adele H., The (Histoire d'Adèle H., L')",Comedy,5/18/1900,0.9,Zola Volante,Actor 4,Kuna,Dong,82
Desert Saints,Comedy,9/24/1996,7.6,Kennie Celez,Actor 3,Sol,Real,280
"Wackness, The",Horror,2/23/2011,9.0,Kathlin Dunkirk,Actor 5,Ariary,Rupee,10
Inescapable,Horror,8/21/1904,2.3,Joly Jolliman,Actor 5,Euro,Tenge,183
Monday Morning (Lundi matin),Comedy,5/2/1928,10.0,Cilka Smallpeace,Actor 2,Euro,Dollar,52
LOL,Horror,9/1/1900,8.4,Rafaellle St. Leger,Actor 4,Real,Yen,16
Thanksgiving Family Reunion (National Lampoon's Holiday Reunion),Sci-Fi,10/9/1961,3.7,Jone Lagadu,Actor 3,Ringgit,Euro,200
Crime Wave,Comedy,9/18/1939,6.7,Valle Sellack,Actor 4,Peso,Peso,87
"Kind of Loving, A",Horror,7/23/1938,7.2,Ade Clarkin,Actor 2,Yuan Renminbi,Sol,168
Batman: Under the Red Hood,Action,5/20/1982,7.8,Jasmine Battabee,Actor 1,Rupiah,Peso,25
MacArthur,Horror,5/21/1911,2.9,Francis Dwelly,Actor 2,Yuan Renminbi,Zloty,290
"Dames du Bois de Boulogne, Les (Ladies of the Bois de Boulogne, The) (Ladies of the Park)",Comedy,6/27/1965,0.0,Coleen Whisson,Actor 1,Yuan Renminbi,Ruble,211
Magic Town,Horror,4/11/1915,1.2,Ray Wonham,Actor 3,Euro,Rupiah,236
Saving God,Comedy,6/10/1994,3.2,Gregg Elson,Actor 3,Yuan Renminbi,Rupiah,38
Marius and Jeanette (Marius et Jeannette),Comedy,10/19/2015,7.2,Cody Nolton,Actor 3,Sol,Rupiah,252
Sophie's World (Sofies verden),Action,8/25/2006,3.9,Anderson Atlay,Actor 3,Zloty,Rial,259
Tetsuo II: Body Hammer,Horror,11/23/1912,1.4,Maddy Fairtlough,Actor 2,Kwacha,Peso,278
Grill Point (Halbe Treppe),Comedy,9/29/2013,7.2,Petrina Sidgwick,Actor 1,Koruna,Euro,144
Sesame Street Presents Follow That Bird,Action,1/20/1998,4.8,Kassandra Varne,Actor 3,Yuan Renminbi,Yuan Renminbi,208
College,Comedy,10/17/1904,1.4,Kienan Goodlett,Actor 5,Quetzal,Yuan Renminbi,1
Young Winston,Comedy,3/13/1935,6.3,Solomon Domini,Actor 3,Sol,Peso,172
"Eleventh Year, The (Odinnadtsatyy) ",Action,6/29/1924,4.6,Shirlee O'Flaverty,Actor 3,Yuan Renminbi,Rupiah,70
They Call Me Renegade,Horror,1/12/1904,5.2,Alexina Backwell,Actor 4,Hryvnia,Yuan Renminbi,54
Bye-Bye,Comedy,11/9/1960,9.4,Darby Kippen,Actor 5,Euro,Rupiah,63
Song of Freedom,Horror,11/26/1917,1.3,Rafferty Seamen,Actor 1,Yuan Renminbi,Krona,78
Hype!,Comedy,1/17/1955,3.0,Jaquith O'Cullen,Actor 5,Yuan Renminbi,Ruble,82
Big Buck Bunny,Sci-Fi,3/1/1908,4.4,Heloise Waulker,Actor 3,Forint,Rupiah,61
"Hunger, The",Horror,3/13/1974,6.3,Ferdinanda Gasking,Actor 5,Ruble,Rupiah,113
Phase IV,Sci-Fi,12/28/1964,6.9,Saul Maciaszczyk,Actor 3,Yuan Renminbi,Denar,103
The Oblong Box,Drama,3/16/1963,7.4,Sal Sandy,Actor 3,Peso,Kuna,254
Puppet Master: Axis of Evil (Puppet Master 10),Drama,3/24/2012,8.8,Theobald Gallihawk,Actor 2,Yuan Renminbi,Dollar,115
Knucklehead,Horror,9/14/1997,1.6,Ignazio Cosens,Actor 4,Dinar,Balboa,7
Badman's Country,Action,3/26/1977,8.8,Sarajane Godin,Actor 1,Yen,Ruble,160
Listy do M.,Sci-Fi,9/23/1935,1.7,Forester Hullah,Actor 4,Koruna,Krona,0
"Princess Bride, The",Drama,4/7/1986,2.6,Sebastian Gligorijevic,Actor 2,Euro,Dollar,179
Mr. Wu,Action,7/19/1913,5.9,Elisabet Burns,Actor 2,Koruna,Yuan Renminbi,86
"Green Butchers, The (Grønne slagtere, De)",Action,1/12/1957,9.9,Shawn Manshaw,Actor 3,Rial,Yuan Renminbi,134
"Replacement Killers, The",Action,2/12/1978,8.5,Marjy Pleasance,Actor 3,Shilling,Franc,89
In the Shadow of the Machine,Action,7/28/1940,9.8,Rachel Carrabott,Actor 3,Yuan Renminbi,Peso,17
The Castle of Fu Manchu,Action,5/31/1968,9.0,Susan Flinn,Actor 5,Yuan Renminbi,Euro,178
"American in Paris, An",Sci-Fi,6/11/1946,3.9,Gage Grattan,Actor 4,Peso,Krone,201
"White Darkness, The",Comedy,11/8/1969,9.0,Marietta Toseland,Actor 5,Dollar,Euro,2
Utamaro and His Five Women (Utamaro o meguru gonin no onna),Comedy,5/9/1983,6.8,Nixie Towns,Actor 5,Dirham,Dollar,280
I Am Fishead,Horror,10/30/1961,7.5,Ephraim Janas,Actor 2,Euro,Yuan Renminbi,183
Down in the Valley,Drama,2/1/1996,6.8,Carree Troyes,Actor 4,Dram,Rupiah,133
"Unlikely Weapon, An",Sci-Fi,10/25/1951,3.1,Patience Penke,Actor 1,Yuan Renminbi,Ruble,244
Sun on the Horizon,Comedy,3/2/1980,1.5,Marietta Maypother,Actor 1,Real,Yuan Renminbi,254
Amazing Johnathan: Wrong on Every Level,Comedy,11/23/2001,4.1,Kristina Ruff,Actor 1,Ruble,Franc,235
"Yakuza, The",Drama,3/30/1912,5.3,Boothe Devenny,Actor 3,Peso,Euro,296
Cry of the Banshee,Horror,10/7/1955,9.7,Zack Macek,Actor 5,Peso,Euro,185
Classmates,Action,6/5/1951,0.8,Olvan Skitteral,Actor 3,Dram,Yuan Renminbi,40
"Muppet Movie, The",Drama,11/19/1971,8.1,Faydra Ollarenshaw,Actor 3,Yuan Renminbi,Krona,229
Starbuck,Comedy,10/16/1933,3.0,Holly Figurski,Actor 1,Yuan Renminbi,Real,161
Never Met Picasso,Action,7/19/2004,3.9,Hervey Freiberg,Actor 3,Yuan Renminbi,Real,155
Six Days,Action,6/18/1933,0.9,Ferdinand Blas,Actor 3,Real,Rupiah,4
"Help Me, Eros (Bang bang wo ai shen)",Drama,11/21/2001,9.1,Gretna Helix,Actor 5,Real,Yuan Renminbi,186
Together (Han ni Zai Yiki),Horror,1/25/1944,3.2,Nevins Igonet,Actor 2,Yuan Renminbi,Peso,41
I Am You (In Her Skin),Comedy,12/31/1987,9.5,Briana Postgate,Actor 2,Yuan Renminbi,Yuan Renminbi,37
Redbelt,Sci-Fi,6/28/1976,8.6,Faunie Bettington,Actor 2,Euro,Yuan Renminbi,7
"City of No Limits, The (la ciudad sin límites, En)",Sci-Fi,12/25/2021,3.8,Jo Chelam,Actor 4,Shekel,Yuan Renminbi,100
Taxi to the Dark Side,Horror,6/10/1938,4.8,Linnie Cancutt,Actor 3,Euro,Peso,188
"Ah, Wilderness!",Horror,9/6/1922,4.9,Zora Broxap,Actor 3,Rand,Rupiah,32
Everything,Action,10/6/1947,2.5,Bengt Drews,Actor 1,Euro,Zloty,26
Soccer Days,Drama,12/17/2016,9.1,Nicol Abdon,Actor 3,Shekel,Hryvnia,69
Antibodies (Antikörper),Action,8/5/1943,8.4,Gwyn Stower,Actor 4,Peso,Euro,285
"President's Last Bang, The (Geuddae geusaramdeul)",Drama,2/22/2018,8.9,Madlin Heaffey,Actor 5,Rupiah,Lev,29
Kinetta,Comedy,12/28/1931,9.6,Aldous Andriveau,Actor 4,Yuan Renminbi,Yuan Renminbi,261
Don't Be a Menace to South Central While Drinking Your Juice in the Hood,Comedy,6/16/1901,5.2,Starla Aspell,Actor 1,Yuan Renminbi,Euro,140
Don't Stop Believin': Everyman's Journey,Comedy,7/22/2012,7.7,Pedro Daish,Actor 4,Peso,Dollar,263
Evidence ,Comedy,10/4/1912,0.9,Brandi Gudd,Actor 1,Birr,Lempira,85
"One, Two, Three",Action,5/28/1916,5.0,Xenos Minto,Actor 4,Ringgit,Yuan Renminbi,271
"Treasure Hunter, The (Ci ling)",Drama,1/11/1923,1.5,Berny Milnthorpe,Actor 3,Yuan Renminbi,Rupiah,286
High School Confidential!,Sci-Fi,3/30/1977,5.7,Emmaline Clyde,Actor 4,Dong,Yuan Renminbi,299
Super Duper Alice Cooper,Comedy,9/21/2003,9.3,Hamnet Dulling,Actor 1,Franc,Euro,56
Age of Tomorrow,Drama,9/6/1995,0.4,Suzanna Sowle,Actor 5,Krona,Ruble,270
"Triumph of Love, The",Drama,11/5/1941,4.1,Melisa McCreary,Actor 4,Ruble,Yuan Renminbi,223
Accident,Action,2/5/1953,7.2,Cathryn Killingbeck,Actor 5,Euro,Euro,182
"Four Days of Naples, The (Le quattro giornate di Napoli)",Comedy,10/15/1992,7.2,Starlin Moorfield,Actor 4,Peso,Rand,128
It Came from Beneath the Sea,Sci-Fi,12/1/2003,5.4,Shayne Lavalde,Actor 4,Euro,Rupiah,5
Chaos (Kaosu),Sci-Fi,7/24/1936,5.9,Gaspar Gosz,Actor 1,Sol,Euro,21
"Fast Runner, The (Atanarjuat)",Horror,8/8/1902,1.5,Friederike Maunder,Actor 5,Yuan Renminbi,Rupiah,63
Penn & Teller Get Killed,Drama,1/13/1972,2.4,Pall Rainbird,Actor 4,Yen,Naira,229
Surf Nazis Must Die,Sci-Fi,7/4/1906,7.2,Anabelle Anfusso,Actor 3,Won,Rial,259
"Last Dragon, The",Action,1/24/1936,0.3,Theobald Middler,Actor 5,Won,Taka,54
"Guide for the Married Man, A",Sci-Fi,10/2/1932,3.9,Ragnar Glanfield,Actor 3,Yen,Real,87
"Birders: The Central Park Effect (Central Park Effect, The)",Sci-Fi,7/18/1906,1.7,Toddie Jenman,Actor 4,Rupiah,Dollar,202
Louis C.K.: Live at The Comedy Store,Comedy,9/24/1981,7.3,Ester Manderson,Actor 3,Hryvnia,Rupiah,222
Boy Interrupted,Sci-Fi,9/25/1971,6.9,Abagail Spofforth,Actor 1,Peso,Naira,262
Byzantium,Drama,5/17/1924,1.4,Carolina Kropp,Actor 1,Yuan Renminbi,Yuan Renminbi,136
"Patriot, The",Comedy,2/10/1938,8.0,Leanora Fearneley,Actor 5,Peso,Dong,158
2012: Supernova,Drama,7/14/1928,2.9,Dorella Vasilischev,Actor 2,Dollar,Zloty,197
Iris,Sci-Fi,10/6/1958,0.3,Sunny Shobbrook,Actor 5,Rupiah,Euro,21
Party Monster,Sci-Fi,3/25/2009,0.8,Christiano Bengall,Actor 2,Marka,Ruble,33
"Delta Force, The",Action,6/25/2011,5.3,Mortimer Spaxman,Actor 3,Franc,Franc,144
"Horse Soldiers, The",Horror,12/14/1982,8.3,Carrol Sirl,Actor 3,Franc,Yuan Renminbi,8
Tucker & Dale vs Evil,Horror,11/17/2017,1.8,Marietta Bourdon,Actor 2,Ruble,Ruble,84
"Red Spectacles, The (Jigoku no banken: akai megane)",Action,5/2/1915,7.3,Viviana O'Kynsillaghe,Actor 4,Rupiah,Dollar,20
Dinoshark,Drama,11/16/1920,1.9,Petey Signori,Actor 1,Yuan Renminbi,Peso,223
"Kidnapping, Caucasian Style (Kavkazskaya plennitsa)",Drama,7/15/1965,1.5,Ellene Loveridge,Actor 1,Leone,Ruble,293
Saw,Action,3/15/1942,8.1,Torrin Rumney,Actor 1,Real,Ruble,278
Money as Debt,Horror,11/10/1983,4.4,Pegeen McKim,Actor 5,Euro,Euro,114
Won't Back Down,Sci-Fi,3/21/1908,4.2,Rayna Frary,Actor 4,Yuan Renminbi,Rial,135
300: Rise of an Empire,Horror,4/16/1955,6.5,Jareb McAllan,Actor 5,Peso,Euro,28
King Arthur,Action,11/8/1917,8.0,Editha Rillatt,Actor 1,Euro,Som,113
Adventures of Kitty O'Day (Kitty O'Day Comes Through),Sci-Fi,6/24/2015,8.8,Gabe Lamonby,Actor 5,Krona,Real,212
Double Trouble,Action,5/2/1909,1.9,Che Franklyn,Actor 2,Euro,Zloty,158
Hanna,Horror,12/2/1917,5.0,Myles Stanluck,Actor 4,Ruble,Ruble,104
200 Motels,Drama,6/26/1961,8.1,Olenka Verissimo,Actor 4,Dalasi,Lempira,211
"Girl by the Lake, The (La ragazza del lago)",Action,4/9/1901,0.6,Atlante Kristiansen,Actor 5,Peso,Rand,155
"Ballad of Narayama, The (Narayama bushiko)",Drama,6/13/1948,2.7,Aloisia Showler,Actor 2,Peso,Peso,45
Mickey,Action,12/18/2021,3.2,Izabel Grevel,Actor 4,Real,Yuan Renminbi,267
Jive Turkey,Action,12/8/1980,0.2,Clerc Rayment,Actor 3,Rand,Zloty,248
Parental Guidance,Horror,1/9/1921,1.3,Elinore Pyner,Actor 1,Yuan Renminbi,Franc,68
Stockholm Stories,Comedy,9/4/1986,4.3,Leigh Cristou,Actor 3,Yuan Renminbi,Franc,150
"Stone Angel, The",Horror,7/27/1947,5.8,Patti Balaison,Actor 3,Afghani,Zloty,160
"Great Silence, The (Grande silenzio, Il)",Sci-Fi,7/20/1901,8.2,Rachele Daveren,Actor 2,Yuan Renminbi,Peso,94
Raintree County,Comedy,6/7/1918,0.6,Gabrila Leel,Actor 2,Yuan Renminbi,Yuan Renminbi,148
Truly Human (Et rigtigt menneske),Drama,7/31/2009,2.8,Michele Doran,Actor 5,Euro,Euro,118
"Coast Guard, The (Hae anseon)",Horror,5/7/2014,2.7,Magdalena Purslow,Actor 4,Peso,Sol,281
Waking Ned Devine (a.k.a. Waking Ned),Sci-Fi,5/26/1958,1.4,Ettore Basindale,Actor 2,Pound,Quetzal,105
Lifeboat,Sci-Fi,2/22/1956,4.6,Riannon Berkley,Actor 3,Dollar,Yuan Renminbi,91
"Express, The",Sci-Fi,10/5/1990,6.5,Markus Brightman,Actor 4,Rupiah,Rupiah,185
Jumpin' Jack Flash,Action,5/27/1965,0.6,Coralie Espy,Actor 2,Tenge,Euro,43
35 Up,Action,9/12/1943,6.7,Veda Keats,Actor 5,Yen,Euro,93
"Man in the White Suit, The",Action,4/7/2011,9.9,Kort Nazaret,Actor 4,Ruble,Pound,107
Carry on Screaming!,Horror,7/30/1982,8.0,Prue Sybbe,Actor 5,Ruble,Dong,68
Slither,Comedy,2/2/1942,2.2,Joyan Dashper,Actor 1,Pound,Yen,100
For the Moment,Horror,8/30/1960,0.4,Manda Dobbin,Actor 2,Rupiah,Krona,182
"Devil's Chair, The",Horror,3/17/1906,6.6,Caria Colby,Actor 1,Rupiah,Ruble,293
No Time for Comedy,Comedy,8/26/1950,4.6,Maisie Zima,Actor 1,Ruble,Sol,77
"Sisters, The",Action,1/19/1973,4.4,Monte Callingham,Actor 1,Peso,Euro,254
Pariah,Sci-Fi,7/28/1936,3.9,Raeann Olsson,Actor 3,Rupiah,Rial,66
Method to the Madness of Jerry Lewis,Comedy,1/28/1948,9.7,Emmet Apfelmann,Actor 2,Yen,Yuan Renminbi,272
Viper in the Fist,Comedy,12/1/1990,3.2,Katalin Legrave,Actor 5,Euro,Ruble,225
Balkan Spy (Balkanski spijun),Drama,3/15/1983,3.2,Renault Wilmott,Actor 2,Real,Euro,181
Fraternity Vacation,Sci-Fi,3/21/1963,2.4,Kaylee Alan,Actor 4,Euro,Rupiah,115
I Am Michael,Comedy,7/13/1920,8.7,Herrick Gravy,Actor 5,Hryvnia,Yuan Renminbi,273
Man in the Chair,Action,2/15/1997,7.8,Cati Inderwick,Actor 2,Yuan Renminbi,Franc,193
Showrunners: The Art of Running a TV Show,Sci-Fi,5/10/1985,2.0,Remy Winger,Actor 1,Euro,Naira,205
Anna Karenina,Comedy,9/7/1999,1.0,Nicolas Sallenger,Actor 4,Rand,Cedi,21
Patton,Sci-Fi,10/13/1933,4.4,Leesa Webburn,Actor 4,Rupiah,Euro,182
Forced to Kill,Sci-Fi,9/5/2016,7.1,Mickie Pettko,Actor 4,Yuan Renminbi,Euro,65
Transistor Love Story (Monrak Transistor),Horror,4/28/1931,1.6,Em Lombardo,Actor 4,Ruble,Krone,156
Stardust Memories,Sci-Fi,3/15/1981,6.6,Michal Bruin,Actor 4,Euro,Krona,103
Flight of Fury,Drama,3/29/2008,2.5,Emmye Drain,Actor 2,Yuan Renminbi,Euro,212
Jupiter's Darling,Horror,6/27/1982,8.7,Jinny Maywood,Actor 2,Ruble,Baht,191
"Summer Place, A",Horror,3/31/1933,1.7,Florencia Spafford,Actor 3,Real,Ruble,118
Miracle,Horror,6/29/1980,2.6,Flinn Hulles,Actor 4,Dollar,Rupiah,73
Vengeance Can Wait,Sci-Fi,2/21/1939,6.2,Nerta Mathers,Actor 3,Zloty,Peso,148
Amy's O (a.k.a. Amy's Orgasm),Comedy,7/12/2015,2.2,Christoforo Hubbins,Actor 4,Dollar,Ruble,252
Growing Pains,Drama,9/4/1987,5.1,Jeannine Bowfin,Actor 5,Tala,Ruble,39
Anna Karenina,Action,8/15/1909,9.8,Donna Baldery,Actor 1,Rupee,Lev,281
Focus,Drama,2/17/1918,4.1,Robinette Valentin,Actor 5,Yuan Renminbi,Rupiah,84
Heat and Dust,Comedy,11/14/1956,1.5,Isobel Wharf,Actor 1,Real,Naira,82
Who Is Killing the Great Chefs of Europe?,Drama,10/6/2013,7.1,Aubrie Tregona,Actor 1,Euro,Peso,169
And While We Were Here,Comedy,3/8/1954,4.9,Livia Huskinson,Actor 5,Peso,Yuan Renminbi,65
Lost in Thailand (Ren zai jiong tu zhi tai jiong),Horror,1/4/2001,7.8,Bran Ledekker,Actor 1,Rupiah,Peso,165
Sunset Blvd. (a.k.a. Sunset Boulevard),Action,5/1/1985,5.5,Roberto Mashal,Actor 3,Euro,Real,40
CJ7 (Cheung Gong 7 hou),Sci-Fi,5/28/1925,7.8,Ethelind Huelin,Actor 1,Yuan Renminbi,Peso,213
Point of No Return,Action,6/2/1998,6.4,Bartholomeo Dalyell,Actor 1,Peso,Lari,107
Planes: Fire & Rescue,Comedy,4/18/1995,2.2,Teriann Napton,Actor 3,Sol,Birr,100
Flesh and the Devil,Sci-Fi,9/10/1910,3.2,Gilberte Aysh,Actor 2,Rial,Hryvnia,124
"Watcher in the Woods, The",Action,8/4/1906,6.3,Jarrad Ullyott,Actor 4,Yuan Renminbi,Franc,169
She's Out of My League,Drama,3/26/1924,7.0,Nichole Heijne,Actor 2,Dinar,Yuan Renminbi,214
